0Bb2zMzQAL,6,Project5,85,,,,,,,,,,,,,,,,,,,,,,,,,,,,,,,,,
0Bb2zMzQAL,6,Project3,61,,,,,,,,,,,,,,,,,,,,,,,,,,,,,,,,,
0Bb2zMzQAL,6,Project4,89,,,,,,,,,,,,,,,,,,,,,,,,,,,,,,,,,
0Bb2zMzQAL,6,Final Exam,99,,,,,,,,,,,,,,,,,,,,,,,,,,,,,,,,,
0Bb2zMzQAL,6,Midterm,10,,,,,,,,,,,,,,,,,,,,,,,,,,,,,,,,,
0Bb2zMzQAL,6,Project2,69,,,,,,,,,,,,,,,,,,,,,,,,,,,,,,,,,
0Bb2zMzQAL,6,Project1,84,,,,,,,,,,,,,,,,,,,,,,,,,,,,,,,,,
0nYGfSzH52,3,Homework5,44,,,,,,,,,,,,,,,,,,,,,,,,,,,,,,,,,
0nYGfSzH52,3,Homework4,75,,,,,,,,,,,,,,,,,,,,,,,,,,,,,,,,,
0nYGfSzH52,3,Homework1,63,,,,,,,,,,,,,,,,,,,,,,,,,,,,,,,,,
0nYGfSzH52,3,Homework2,71,,,,,,,,,,,,,,,,,,,,,,,,,,,,,,,,,
0nYGfSzH52,3,Homework7,20,,,,,,,,,,,,,,,,,,,,,,,,,,,,,,,,,
0nYGfSzH52,3,Final Exam,58,,,,,,,,,,,,,,,,,,,,,,,,,,,,,,,,,
0nYGfSzH52,1,Midterm1,20,,,,,,,,,,,,,,,,,,,,,,,,,,,,,,,,,
0nYGfSzH52,3,Homework3,57,,,,,,,,,,,,,,,,,,,,,,,,,,,,,,,,,
0nYGfSzH52,1,Assignment5,80,,,,,,,,,,,,,,,,,,,,,,,,,,,,,,,,,
0nYGfSzH52,1,Assignment4,33,,,,,,,,,,,,,,,,,,,,,,,,,,,,,,,,,
0nYGfSzH52,1,Final Exam,99,,,,,,,,,,,,,,,,,,,,,,,,,,,,,,,,,
0nYGfSzH52,3,Midterm,26,,,,,,,,,,,,,,,,,,,,,,,,,,,,,,,,,
0nYGfSzH52,3,Homework8,45,,,,,,,,,,,,,,,,,,,,,,,,,,,,,,,,,
0nYGfSzH52,1,Midterm2,56,,,,,,,,,,,,,,,,,,,,,,,,,,,,,,,,,
0nYGfSzH52,1,Bonus Quiz,3,,,,,,,,,,,,,,,,,,,,,,,,,,,,,,,,,
0nYGfSzH52,1,Final Project,34,,,,,,,,,,,,,,,,,,,,,,,,,,,,,,,,,
0nYGfSzH52,1,Assignment1,83,,,,,,,,,,,,,,,,,,,,,,,,,,,,,,,,,
0nYGfSzH52,1,Assignment3,27,,,,,,,,,,,,,,,,,,,,,,,,,,,,,,,,,
0nYGfSzH52,1,Assignment2,100,,,,,,,,,,,,,,,,,,,,,,,,,,,,,,,,,
0nYGfSzH52,3,Homework6,25,,,,,,,,,,,,,,,,,,,,,,,,,,,,,,,,,
1aRjlUAYpO,9,Assignment5,-1,,,,,,,,,,,,,,,,,,,,,,,,,,,,,,,,,
1aRjlUAYpO,9,Final Project,-1,,,,,,,,,,,,,,,,,,,,,,,,,,,,,,,,,
1aRjlUAYpO,9,Assignment3,52,,,,,,,,,,,,,,,,,,,,,,,,,,,,,,,,,
1aRjlUAYpO,9,Assignment4,67,,,,,,,,,,,,,,,,,,,,,,,,,,,,,,,,,
1aRjlUAYpO,9,Assignment2,30,,,,,,,,,,,,,,,,,,,,,,,,,,,,,,,,,
1aRjlUAYpO,6,Project5,68,,,,,,,,,,,,,,,,,,,,,,,,,,,,,,,,,
1aRjlUAYpO,6,Project3,88,,,,,,,,,,,,,,,,,,,,,,,,,,,,,,,,,
1aRjlUAYpO,6,Project4,79,,,,,,,,,,,,,,,,,,,,,,,,,,,,,,,,,
1aRjlUAYpO,9,Midterm,79,,,,,,,,,,,,,,,,,,,,,,,,,,,,,,,,,
1aRjlUAYpO,6,Final Exam,100,,,,,,,,,,,,,,,,,,,,,,,,,,,,,,,,,
1aRjlUAYpO,6,Midterm,47,,,,,,,,,,,,,,,,,,,,,,,,,,,,,,,,,
1aRjlUAYpO,6,Project2,76,,,,,,,,,,,,,,,,,,,,,,,,,,,,,,,,,
1aRjlUAYpO,6,Project1,68,,,,,,,,,,,,,,,,,,,,,,,,,,,,,,,,,
1aRjlUAYpO,9,Assignment1,98,,,,,,,,,,,,,,,,,,,,,,,,,,,,,,,Final Exam,12/15/21 8:00,200
1aRjlUAYpO,9,Final Exam,-1,,,,,,,,,,,,,,,,,,,,,,,,,,,,,,,,,
2ruNWPmicg,5,Assignment4,93,,,,,,,,,,,,,,,,,,,,,,,,,,,,,,,,,
2ruNWPmicg,5,Assignment3,66,,,,,,,,,,,,,,,,,,,,,,,,,,,,,,,,,
2ruNWPmicg,4,Midterm1,58,,,,,,,,,,,,,,,,,,,,,,,,,,,,,,,,,
2ruNWPmicg,4,Assignment5,56,,,,,,,,,,,,,,,,,,,,,,,,,,,,,,,,,
2ruNWPmicg,4,Assignment4,77,,,,,,,,,,,,,,,,,,,,,,,,,,,,,,,,,
2ruNWPmicg,4,Final Exam,37,,,,,,,,,,,,,,,,,,,,,,,,,,,,,,,,,
2ruNWPmicg,5,Final Exam,98,,,,,,,,,,,,,,,,,,,,,,,,,,,,,,,,,
2ruNWPmicg,5,Midterm,49,,,,,,,,,,,,,,,,,,,,,,,,,,,,,,,,,
2ruNWPmicg,4,Midterm2,23,,,,,,,,,,,,,,,,,,,,,,,,,,,,,,,,,
2ruNWPmicg,4,Bonus Quiz,9,,,,,,,,,,,,,,,,,,,,,,,,,,,,,,,,,
2ruNWPmicg,4,Final Project,119,,,,,,,,,,,,,,,,,,,,,,,,,,,,,,,,,
2ruNWPmicg,4,Assignment1,29,,,,,,,,,,,,,,,,,,,,,,,,,,,,,,,,,
2ruNWPmicg,4,Assignment3,49,,,,,,,,,,,,,,,,,,,,,,,,,,,,,,,,,
2ruNWPmicg,4,Assignment2,94,,,,,,,,,,,,,,,,,,,,,,,,,,,,,,,,,
2ruNWPmicg,5,Assignment1,83,,,,,,,,,,,,,,,,,,,,,,,,,,,,,,,,,
2ruNWPmicg,5,Assignment2,48,,,,,,,,,,,,,,,,,,,,,,,,,,,,,,,,,
4D8d5NFQey,3,Homework5,46,,,,,,,,,,,,,,,,,,,,,,,,,,,,,,,,,
4D8d5NFQey,3,Homework4,36,,,,,,,,,,,,,,,,,,,,,,,,,,,,,,,,,
4D8d5NFQey,3,Homework1,63,,,,,,,,,,,,,,,,,,,,,,,,,,,,,,,,,
4D8d5NFQey,3,Homework2,58,,,,,,,,,,,,,,,,,,,,,,,,,,,,,,,,,
4D8d5NFQey,3,Homework7,29,,,,,,,,,,,,,,,,,,,,,,,,,,,,,,,,,
4D8d5NFQey,3,Final Exam,48,,,,,,,,,,,,,,,,,,,,,,,,,,,,,,,,,
4D8d5NFQey,1,Midterm1,31,,,,,,,,,,,,,,,,,,,,,,,,,,,,,,,,,
4D8d5NFQey,3,Homework3,56,,,,,,,,,,,,,,,,,,,,,,,,,,,,,,,,,
4D8d5NFQey,1,Assignment5,92,,,,,,,,,,,,,,,,,,,,,,,,,,,,,,,,,
4D8d5NFQey,1,Assignment4,94,,,,,,,,,,,,,,,,,,,,,,,,,,,,,,,,,
4D8d5NFQey,1,Final Exam,67,,,,,,,,,,,,,,,,,,,,,,,,,,,,,,,,,
4D8d5NFQey,3,Midterm,63,,,,,,,,,,,,,,,,,,,,,,,,,,,,,,,,,
4D8d5NFQey,3,Homework8,35,,,,,,,,,,,,,,,,,,,,,,,,,,,,,,,,,
4D8d5NFQey,1,Midterm2,41,,,,,,,,,,,,,,,,,,,,,,,,,,,,,,,,,
4D8d5NFQey,1,Bonus Quiz,3,,,,,,,,,,,,,,,,,,,,,,,,,,,,,,,,,
4D8d5NFQey,1,Final Project,149,,,,,,,,,,,,,,,,,,,,,,,,,,,,,,,,,
4D8d5NFQey,1,Assignment1,74,,,,,,,,,,,,,,,,,,,,,,,,,,,,,,,,,
4D8d5NFQey,1,Assignment3,69,,,,,,,,,,,,,,,,,,,,,,,,,,,,,,,,,
4D8d5NFQey,1,Assignment2,96,,,,,,,,,,,,,,,,,,,,,,,,,,,,,,,,,
4D8d5NFQey,3,Homework6,38,,,,,,,,,,,,,,,,,,,,,,,,,,,,,,,,,
4RygfhpS1h,8,Assignment6,-1,,,,,,,,,,,,,,,,,,,,,,,,,,,,,,,,,
4RygfhpS1h,8,Assignment4,87,,,,,,,,,,,,,,,,,,,,,,,,,,,,,,,,,
4RygfhpS1h,8,Assignment5,-1,,,,,,,,,,,,,,,,,,,,,,,,,,,,,,,,,
4RygfhpS1h,8,Midterm,28,,,,,,,,,,,,,,,,,,,,,,,,,,,,,,,,,
4RygfhpS1h,8,Assignment3,68,,,,,,,,,,,,,,,,,,,,,,,,,,,,,,,,,
4RygfhpS1h,8,Assignment2,50,,,,,,,,,,,,,,,,,,,,,,,,,,,,,,,,,
4RygfhpS1h,8,Assignment1,78,,,,,,,,,,,,,,,,,,,,,,,,,,,,,,,Final Exam,12/15/21 15:00,100
4RygfhpS1h,8,Final Exam,-1,,,,,,,,,,,,,,,,,,,,,,,,,,,,,,,,,
5xTn7laQAz,5,Assignment4,46,,,,,,,,,,,,,,,,,,,,,,,,,,,,,,,,,
5xTn7laQAz,5,Assignment3,92,,,,,,,,,,,,,,,,,,,,,,,,,,,,,,,,,
5xTn7laQAz,4,Midterm1,27,,,,,,,,,,,,,,,,,,,,,,,,,,,,,,,,,
5xTn7laQAz,4,Assignment5,42,,,,,,,,,,,,,,,,,,,,,,,,,,,,,,,,,
5xTn7laQAz,4,Assignment4,25,,,,,,,,,,,,,,,,,,,,,,,,,,,,,,,,,
5xTn7laQAz,4,Final Exam,92,,,,,,,,,,,,,,,,,,,,,,,,,,,,,,,,,
5xTn7laQAz,5,Final Exam,78,,,,,,,,,,,,,,,,,,,,,,,,,,,,,,,,,
5xTn7laQAz,5,Midterm,95,,,,,,,,,,,,,,,,,,,,,,,,,,,,,,,,,
5xTn7laQAz,4,Midterm2,28,,,,,,,,,,,,,,,,,,,,,,,,,,,,,,,,,
5xTn7laQAz,4,Bonus Quiz,7,,,,,,,,,,,,,,,,,,,,,,,,,,,,,,,,,
5xTn7laQAz,4,Final Project,48,,,,,,,,,,,,,,,,,,,,,,,,,,,,,,,,,
5xTn7laQAz,4,Assignment1,57,,,,,,,,,,,,,,,,,,,,,,,,,,,,,,,,,
5xTn7laQAz,4,Assignment3,41,,,,,,,,,,,,,,,,,,,,,,,,,,,,,,,,,
5xTn7laQAz,4,Assignment2,36,,,,,,,,,,,,,,,,,,,,,,,,,,,,,,,,,
5xTn7laQAz,5,Assignment1,92,,,,,,,,,,,,,,,,,,,,,,,,,,,,,,,,,
5xTn7laQAz,5,Assignment2,54,,,,,,,,,,,,,,,,,,,,,,,,,,,,,,,,,
77JVECgA9Y,8,Assignment6,-1,,,,,,,,,,,,,,,,,,,,,,,,,,,,,,,,,
77JVECgA9Y,8,Assignment4,60,,,,,,,,,,,,,,,,,,,,,,,,,,,,,,,,,
77JVECgA9Y,8,Assignment5,-1,,,,,,,,,,,,,,,,,,,,,,,,,,,,,,,,,
77JVECgA9Y,8,Midterm,34,,,,,,,,,,,,,,,,,,,,,,,,,,,,,,,,,
77JVECgA9Y,8,Assignment3,74,,,,,,,,,,,,,,,,,,,,,,,,,,,,,,,,,
77JVECgA9Y,8,Assignment2,57,,,,,,,,,,,,,,,,,,,,,,,,,,,,,,,,,
77JVECgA9Y,8,Assignment1,82,,,,,,,,,,,,,,,,,,,,,,,,,,,,,,,Final Exam,12/15/21 15:00,100
77JVECgA9Y,8,Final Exam,-1,,,,,,,,,,,,,,,,,,,,,,,,,,,,,,,,,
82rggZxf5c,8,Assignment6,-1,,,,,,,,,,,,,,,,,,,,,,,,,,,,,,,,,
82rggZxf5c,8,Assignment4,68,,,,,,,,,,,,,,,,,,,,,,,,,,,,,,,,,
82rggZxf5c,8,Assignment5,-1,,,,,,,,,,,,,,,,,,,,,,,,,,,,,,,,,
82rggZxf5c,8,Midterm,42,,,,,,,,,,,,,,,,,,,,,,,,,,,,,,,,,
82rggZxf5c,8,Assignment3,49,,,,,,,,,,,,,,,,,,,,,,,,,,,,,,,,,
82rggZxf5c,8,Assignment2,61,,,,,,,,,,,,,,,,,,,,,,,,,,,,,,,,,
82rggZxf5c,8,Assignment1,67,,,,,,,,,,,,,,,,,,,,,,,,,,,,,,,Final Exam,12/15/21 15:00,100
82rggZxf5c,8,Final Exam,-1,,,,,,,,,,,,,,,,,,,,,,,,,,,,,,,,,
8BdlWK9mvn,3,Homework5,77,,,,,,,,,,,,,,,,,,,,,,,,,,,,,,,,,
8BdlWK9mvn,3,Homework4,77,,,,,,,,,,,,,,,,,,,,,,,,,,,,,,,,,
8BdlWK9mvn,3,Homework1,86,,,,,,,,,,,,,,,,,,,,,,,,,,,,,,,,,
8BdlWK9mvn,3,Homework2,68,,,,,,,,,,,,,,,,,,,,,,,,,,,,,,,,,
8BdlWK9mvn,3,Homework7,78,,,,,,,,,,,,,,,,,,,,,,,,,,,,,,,,,
8BdlWK9mvn,3,Final Exam,74,,,,,,,,,,,,,,,,,,,,,,,,,,,,,,,,,
8BdlWK9mvn,1,Midterm1,55,,,,,,,,,,,,,,,,,,,,,,,,,,,,,,,,,
8BdlWK9mvn,3,Homework3,41,,,,,,,,,,,,,,,,,,,,,,,,,,,,,,,,,
8BdlWK9mvn,1,Assignment5,46,,,,,,,,,,,,,,,,,,,,,,,,,,,,,,,,,
8BdlWK9mvn,1,Assignment4,56,,,,,,,,,,,,,,,,,,,,,,,,,,,,,,,,,
8BdlWK9mvn,1,Final Exam,47,,,,,,,,,,,,,,,,,,,,,,,,,,,,,,,,,
8BdlWK9mvn,3,Midterm,74,,,,,,,,,,,,,,,,,,,,,,,,,,,,,,,,,
8BdlWK9mvn,3,Homework8,96,,,,,,,,,,,,,,,,,,,,,,,,,,,,,,,,,
8BdlWK9mvn,1,Midterm2,57,,,,,,,,,,,,,,,,,,,,,,,,,,,,,,,,,
8BdlWK9mvn,1,Bonus Quiz,9,,,,,,,,,,,,,,,,,,,,,,,,,,,,,,,,,
8BdlWK9mvn,1,Final Project,103,,,,,,,,,,,,,,,,,,,,,,,,,,,,,,,,,
8BdlWK9mvn,1,Assignment1,87,,,,,,,,,,,,,,,,,,,,,,,,,,,,,,,,,
8BdlWK9mvn,1,Assignment3,63,,,,,,,,,,,,,,,,,,,,,,,,,,,,,,,,,
8BdlWK9mvn,1,Assignment2,56,,,,,,,,,,,,,,,,,,,,,,,,,,,,,,,,,
8BdlWK9mvn,3,Homework6,100,,,,,,,,,,,,,,,,,,,,,,,,,,,,,,,,,
8uv1aK9btU,7,Assignment4,76,,,,,,,,,,,,,,,,,,,,,,,,,,,,,,,,,
8uv1aK9btU,7,Assignment3,94,,,,,,,,,,,,,,,,,,,,,,,,,,,,,,,,,
8uv1aK9btU,6,Project5,70,,,,,,,,,,,,,,,,,,,,,,,,,,,,,,,,,
8uv1aK9btU,6,Project3,98,,,,,,,,,,,,,,,,,,,,,,,,,,,,,,,,,
8uv1aK9btU,6,Project4,91,,,,,,,,,,,,,,,,,,,,,,,,,,,,,,,,,
8uv1aK9btU,7,Final Exam,114,,,,,,,,,,,,,,,,,,,,,,,,,,,,,,,,,
8uv1aK9btU,6,Final Exam,83,,,,,,,,,,,,,,,,,,,,,,,,,,,,,,,,,
8uv1aK9btU,7,Midterm,62,,,,,,,,,,,,,,,,,,,,,,,,,,,,,,,,,
8uv1aK9btU,6,Midterm,26,,,,,,,,,,,,,,,,,,,,,,,,,,,,,,,,,
8uv1aK9btU,6,Project2,99,,,,,,,,,,,,,,,,,,,,,,,,,,,,,,,,,
8uv1aK9btU,6,Project1,65,,,,,,,,,,,,,,,,,,,,,,,,,,,,,,,,,
8uv1aK9btU,7,Assignment1,84,,,,,,,,,,,,,,,,,,,,,,,,,,,,,,,,,
8uv1aK9btU,7,Assignment2,88,,,,,,,,,,,,,,,,,,,,,,,,,,,,,,,,,
9mCMQL1myp,5,Assignment4,48,,,,,,,,,,,,,,,,,,,,,,,,,,,,,,,,,
9mCMQL1myp,5,Assignment3,97,,,,,,,,,,,,,,,,,,,,,,,,,,,,,,,,,
9mCMQL1myp,4,Midterm1,54,,,,,,,,,,,,,,,,,,,,,,,,,,,,,,,,,
9mCMQL1myp,4,Assignment5,84,,,,,,,,,,,,,,,,,,,,,,,,,,,,,,,,,
9mCMQL1myp,4,Assignment4,24,,,,,,,,,,,,,,,,,,,,,,,,,,,,,,,,,
9mCMQL1myp,4,Final Exam,46,,,,,,,,,,,,,,,,,,,,,,,,,,,,,,,,,
9mCMQL1myp,5,Final Exam,81,,,,,,,,,,,,,,,,,,,,,,,,,,,,,,,,,
9mCMQL1myp,5,Midterm,72,,,,,,,,,,,,,,,,,,,,,,,,,,,,,,,,,
9mCMQL1myp,4,Midterm2,26,,,,,,,,,,,,,,,,,,,,,,,,,,,,,,,,,
9mCMQL1myp,4,Bonus Quiz,1,,,,,,,,,,,,,,,,,,,,,,,,,,,,,,,,,
9mCMQL1myp,4,Final Project,48,,,,,,,,,,,,,,,,,,,,,,,,,,,,,,,,,
9mCMQL1myp,4,Assignment1,37,,,,,,,,,,,,,,,,,,,,,,,,,,,,,,,,,
9mCMQL1myp,4,Assignment3,47,,,,,,,,,,,,,,,,,,,,,,,,,,,,,,,,,
9mCMQL1myp,4,Assignment2,92,,,,,,,,,,,,,,,,,,,,,,,,,,,,,,,,,
9mCMQL1myp,5,Assignment1,63,,,,,,,,,,,,,,,,,,,,,,,,,,,,,,,,,
9mCMQL1myp,5,Assignment2,73,,,,,,,,,,,,,,,,,,,,,,,,,,,,,,,,,
9wHtriXf8s,8,Assignment6,-1,,,,,,,,,,,,,,,,,,,,,,,,,,,,,,,,,
9wHtriXf8s,8,Assignment4,46,,,,,,,,,,,,,,,,,,,,,,,,,,,,,,,,,
9wHtriXf8s,8,Assignment5,-1,,,,,,,,,,,,,,,,,,,,,,,,,,,,,,,,,
9wHtriXf8s,8,Midterm,22,,,,,,,,,,,,,,,,,,,,,,,,,,,,,,,,,
9wHtriXf8s,8,Assignment3,89,,,,,,,,,,,,,,,,,,,,,,,,,,,,,,,,,
9wHtriXf8s,8,Assignment2,83,,,,,,,,,,,,,,,,,,,,,,,,,,,,,,,,,
9wHtriXf8s,8,Assignment1,73,,,,,,,,,,,,,,,,,,,,,,,,,,,,,,,Final Exam,12/15/21 15:00,100
9wHtriXf8s,8,Final Exam,-1,,,,,,,,,,,,,,,,,,,,,,,,,,,,,,,,,
A1Kcf8Z1u3,3,Homework5,58,,,,,,,,,,,,,,,,,,,,,,,,,,,,,,,,,
A1Kcf8Z1u3,3,Homework4,67,,,,,,,,,,,,,,,,,,,,,,,,,,,,,,,,,
A1Kcf8Z1u3,3,Homework1,62,,,,,,,,,,,,,,,,,,,,,,,,,,,,,,,,,
A1Kcf8Z1u3,3,Homework2,95,,,,,,,,,,,,,,,,,,,,,,,,,,,,,,,,,
A1Kcf8Z1u3,3,Homework7,66,,,,,,,,,,,,,,,,,,,,,,,,,,,,,,,,,
A1Kcf8Z1u3,3,Final Exam,94,,,,,,,,,,,,,,,,,,,,,,,,,,,,,,,,,
A1Kcf8Z1u3,1,Midterm1,47,,,,,,,,,,,,,,,,,,,,,,,,,,,,,,,,,
A1Kcf8Z1u3,3,Homework3,98,,,,,,,,,,,,,,,,,,,,,,,,,,,,,,,,,
A1Kcf8Z1u3,1,Assignment5,93,,,,,,,,,,,,,,,,,,,,,,,,,,,,,,,,,
A1Kcf8Z1u3,1,Assignment4,83,,,,,,,,,,,,,,,,,,,,,,,,,,,,,,,,,
A1Kcf8Z1u3,1,Final Exam,80,,,,,,,,,,,,,,,,,,,,,,,,,,,,,,,,,
A1Kcf8Z1u3,3,Midterm,88,,,,,,,,,,,,,,,,,,,,,,,,,,,,,,,,,
A1Kcf8Z1u3,3,Homework8,58,,,,,,,,,,,,,,,,,,,,,,,,,,,,,,,,,
A1Kcf8Z1u3,1,Midterm2,30,,,,,,,,,,,,,,,,,,,,,,,,,,,,,,,,,
A1Kcf8Z1u3,1,Bonus Quiz,9,,,,,,,,,,,,,,,,,,,,,,,,,,,,,,,,,
A1Kcf8Z1u3,1,Final Project,106,,,,,,,,,,,,,,,,,,,,,,,,,,,,,,,,,
A1Kcf8Z1u3,1,Assignment1,78,,,,,,,,,,,,,,,,,,,,,,,,,,,,,,,,,
A1Kcf8Z1u3,1,Assignment3,70,,,,,,,,,,,,,,,,,,,,,,,,,,,,,,,,,
A1Kcf8Z1u3,1,Assignment2,67,,,,,,,,,,,,,,,,,,,,,,,,,,,,,,,,,
A1Kcf8Z1u3,3,Homework6,98,,,,,,,,,,,,,,,,,,,,,,,,,,,,,,,,,
A3mMrNEFsy,9,Assignment5,-1,,,,,,,,,,,,,,,,,,,,,,,,,,,,,,,,,
A3mMrNEFsy,9,Final Project,-1,,,,,,,,,,,,,,,,,,,,,,,,,,,,,,,,,
A3mMrNEFsy,9,Assignment3,68,,,,,,,,,,,,,,,,,,,,,,,,,,,,,,,,,
A3mMrNEFsy,9,Assignment4,56,,,,,,,,,,,,,,,,,,,,,,,,,,,,,,,,,
A3mMrNEFsy,9,Assignment2,75,,,,,,,,,,,,,,,,,,,,,,,,,,,,,,,,,
A3mMrNEFsy,9,Midterm,58,,,,,,,,,,,,,,,,,,,,,,,,,,,,,,,,,
A3mMrNEFsy,9,Assignment1,62,,,,,,,,,,,,,,,,,,,,,,,,,,,,,,,Final Exam,12/15/21 8:00,200
A3mMrNEFsy,9,Final Exam,-1,,,,,,,,,,,,,,,,,,,,,,,,,,,,,,,,,
aDQQtN7BnB,3,Homework5,40,,,,,,,,,,,,,,,,,,,,,,,,,,,,,,,,,
aDQQtN7BnB,3,Homework4,90,,,,,,,,,,,,,,,,,,,,,,,,,,,,,,,,,
aDQQtN7BnB,3,Homework1,86,,,,,,,,,,,,,,,,,,,,,,,,,,,,,,,,,
aDQQtN7BnB,3,Homework2,74,,,,,,,,,,,,,,,,,,,,,,,,,,,,,,,,,
aDQQtN7BnB,3,Homework7,51,,,,,,,,,,,,,,,,,,,,,,,,,,,,,,,,,
aDQQtN7BnB,3,Final Exam,93,,,,,,,,,,,,,,,,,,,,,,,,,,,,,,,,,
aDQQtN7BnB,2,Midterm1,47,,,,,,,,,,,,,,,,,,,,,,,,,,,,,,,,,
aDQQtN7BnB,3,Homework3,58,,,,,,,,,,,,,,,,,,,,,,,,,,,,,,,,,
aDQQtN7BnB,2,Assignment5,77,,,,,,,,,,,,,,,,,,,,,,,,,,,,,,,,,
aDQQtN7BnB,2,Assignment4,65,,,,,,,,,,,,,,,,,,,,,,,,,,,,,,,,,
aDQQtN7BnB,2,Final Exam,84,,,,,,,,,,,,,,,,,,,,,,,,,,,,,,,,,
aDQQtN7BnB,3,Midterm,54,,,,,,,,,,,,,,,,,,,,,,,,,,,,,,,,,
aDQQtN7BnB,3,Homework8,62,,,,,,,,,,,,,,,,,,,,,,,,,,,,,,,,,
aDQQtN7BnB,2,Midterm2,53,,,,,,,,,,,,,,,,,,,,,,,,,,,,,,,,,
aDQQtN7BnB,2,Bonus Quiz,7,,,,,,,,,,,,,,,,,,,,,,,,,,,,,,,,,
aDQQtN7BnB,2,Final Project,86,,,,,,,,,,,,,,,,,,,,,,,,,,,,,,,,,
aDQQtN7BnB,2,Assignment1,90,,,,,,,,,,,,,,,,,,,,,,,,,,,,,,,,,
aDQQtN7BnB,2,Assignment3,72,,,,,,,,,,,,,,,,,,,,,,,,,,,,,,,,,
aDQQtN7BnB,2,Assignment2,78,,,,,,,,,,,,,,,,,,,,,,,,,,,,,,,,,
aDQQtN7BnB,3,Homework6,77,,,,,,,,,,,,,,,,,,,,,,,,,,,,,,,,,
aKtF7xlCj1,5,Assignment4,47,,,,,,,,,,,,,,,,,,,,,,,,,,,,,,,,,
aKtF7xlCj1,5,Assignment3,91,,,,,,,,,,,,,,,,,,,,,,,,,,,,,,,,,
aKtF7xlCj1,4,Midterm1,48,,,,,,,,,,,,,,,,,,,,,,,,,,,,,,,,,
aKtF7xlCj1,4,Assignment5,58,,,,,,,,,,,,,,,,,,,,,,,,,,,,,,,,,
aKtF7xlCj1,4,Assignment4,26,,,,,,,,,,,,,,,,,,,,,,,,,,,,,,,,,
aKtF7xlCj1,4,Final Exam,37,,,,,,,,,,,,,,,,,,,,,,,,,,,,,,,,,
aKtF7xlCj1,5,Final Exam,142,,,,,,,,,,,,,,,,,,,,,,,,,,,,,,,,,
aKtF7xlCj1,5,Midterm,63,,,,,,,,,,,,,,,,,,,,,,,,,,,,,,,,,
aKtF7xlCj1,4,Midterm2,29,,,,,,,,,,,,,,,,,,,,,,,,,,,,,,,,,
aKtF7xlCj1,4,Bonus Quiz,7,,,,,,,,,,,,,,,,,,,,,,,,,,,,,,,,,
aKtF7xlCj1,4,Final Project,130,,,,,,,,,,,,,,,,,,,,,,,,,,,,,,,,,
aKtF7xlCj1,4,Assignment1,95,,,,,,,,,,,,,,,,,,,,,,,,,,,,,,,,,
aKtF7xlCj1,4,Assignment3,92,,,,,,,,,,,,,,,,,,,,,,,,,,,,,,,,,
aKtF7xlCj1,4,Assignment2,71,,,,,,,,,,,,,,,,,,,,,,,,,,,,,,,,,
aKtF7xlCj1,5,Assignment1,99,,,,,,,,,,,,,,,,,,,,,,,,,,,,,,,,,
aKtF7xlCj1,5,Assignment2,93,,,,,,,,,,,,,,,,,,,,,,,,,,,,,,,,,
AnRRwDoMFm,7,Assignment4,62,,,,,,,,,,,,,,,,,,,,,,,,,,,,,,,,,
AnRRwDoMFm,7,Assignment3,85,,,,,,,,,,,,,,,,,,,,,,,,,,,,,,,,,
AnRRwDoMFm,6,Project5,94,,,,,,,,,,,,,,,,,,,,,,,,,,,,,,,,,
AnRRwDoMFm,6,Project3,95,,,,,,,,,,,,,,,,,,,,,,,,,,,,,,,,,
AnRRwDoMFm,6,Project4,50,,,,,,,,,,,,,,,,,,,,,,,,,,,,,,,,,
AnRRwDoMFm,7,Final Exam,123,,,,,,,,,,,,,,,,,,,,,,,,,,,,,,,,,
AnRRwDoMFm,6,Final Exam,89,,,,,,,,,,,,,,,,,,,,,,,,,,,,,,,,,
AnRRwDoMFm,7,Midterm,93,,,,,,,,,,,,,,,,,,,,,,,,,,,,,,,,,
AnRRwDoMFm,6,Midterm,20,,,,,,,,,,,,,,,,,,,,,,,,,,,,,,,,,
AnRRwDoMFm,6,Project2,71,,,,,,,,,,,,,,,,,,,,,,,,,,,,,,,,,
AnRRwDoMFm,6,Project1,91,,,,,,,,,,,,,,,,,,,,,,,,,,,,,,,,,
AnRRwDoMFm,7,Assignment1,77,,,,,,,,,,,,,,,,,,,,,,,,,,,,,,,,,
AnRRwDoMFm,7,Assignment2,65,,,,,,,,,,,,,,,,,,,,,,,,,,,,,,,,,
AyZm6kgtLQ,8,Assignment6,-1,,,,,,,,,,,,,,,,,,,,,,,,,,,,,,,,,
AyZm6kgtLQ,8,Assignment4,67,,,,,,,,,,,,,,,,,,,,,,,,,,,,,,,,,
AyZm6kgtLQ,8,Assignment5,-1,,,,,,,,,,,,,,,,,,,,,,,,,,,,,,,,,
AyZm6kgtLQ,8,Midterm,49,,,,,,,,,,,,,,,,,,,,,,,,,,,,,,,,,
AyZm6kgtLQ,8,Assignment3,89,,,,,,,,,,,,,,,,,,,,,,,,,,,,,,,,,
AyZm6kgtLQ,8,Assignment2,78,,,,,,,,,,,,,,,,,,,,,,,,,,,,,,,,,
AyZm6kgtLQ,8,Assignment1,67,,,,,,,,,,,,,,,,,,,,,,,,,,,,,,,Final Exam,12/15/21 15:00,100
AyZm6kgtLQ,8,Final Exam,-1,,,,,,,,,,,,,,,,,,,,,,,,,,,,,,,,,
bCSKEQsp82,9,Assignment5,-1,,,,,,,,,,,,,,,,,,,,,,,,,,,,,,,,,
bCSKEQsp82,9,Final Project,-1,,,,,,,,,,,,,,,,,,,,,,,,,,,,,,,,,
bCSKEQsp82,9,Assignment3,98,,,,,,,,,,,,,,,,,,,,,,,,,,,,,,,,,
bCSKEQsp82,9,Assignment4,60,,,,,,,,,,,,,,,,,,,,,,,,,,,,,,,,,
bCSKEQsp82,9,Assignment2,68,,,,,,,,,,,,,,,,,,,,,,,,,,,,,,,,,
bCSKEQsp82,6,Project5,54,,,,,,,,,,,,,,,,,,,,,,,,,,,,,,,,,
bCSKEQsp82,6,Project3,56,,,,,,,,,,,,,,,,,,,,,,,,,,,,,,,,,
bCSKEQsp82,6,Project4,72,,,,,,,,,,,,,,,,,,,,,,,,,,,,,,,,,
bCSKEQsp82,9,Midterm,55,,,,,,,,,,,,,,,,,,,,,,,,,,,,,,,,,
bCSKEQsp82,6,Final Exam,79,,,,,,,,,,,,,,,,,,,,,,,,,,,,,,,,,
bCSKEQsp82,6,Midterm,9,,,,,,,,,,,,,,,,,,,,,,,,,,,,,,,,,
bCSKEQsp82,6,Project2,60,,,,,,,,,,,,,,,,,,,,,,,,,,,,,,,,,
bCSKEQsp82,6,Project1,98,,,,,,,,,,,,,,,,,,,,,,,,,,,,,,,,,
bCSKEQsp82,9,Assignment1,98,,,,,,,,,,,,,,,,,,,,,,,,,,,,,,,Final Exam,12/15/21 8:00,200
bCSKEQsp82,9,Final Exam,-1,,,,,,,,,,,,,,,,,,,,,,,,,,,,,,,,,
bSZa17FK2l,9,Assignment5,-1,,,,,,,,,,,,,,,,,,,,,,,,,,,,,,,,,
bSZa17FK2l,9,Final Project,-1,,,,,,,,,,,,,,,,,,,,,,,,,,,,,,,,,
bSZa17FK2l,9,Assignment3,89,,,,,,,,,,,,,,,,,,,,,,,,,,,,,,,,,
bSZa17FK2l,9,Assignment4,94,,,,,,,,,,,,,,,,,,,,,,,,,,,,,,,,,
bSZa17FK2l,9,Assignment2,97,,,,,,,,,,,,,,,,,,,,,,,,,,,,,,,,,
bSZa17FK2l,9,Midterm,89,,,,,,,,,,,,,,,,,,,,,,,,,,,,,,,,,
bSZa17FK2l,9,Assignment1,67,,,,,,,,,,,,,,,,,,,,,,,,,,,,,,,Final Exam,12/15/21 8:00,200
bSZa17FK2l,9,Final Exam,-1,,,,,,,,,,,,,,,,,,,,,,,,,,,,,,,,,
cp5asEx6KR,7,Assignment4,89,,,,,,,,,,,,,,,,,,,,,,,,,,,,,,,,,
cp5asEx6KR,7,Assignment3,100,,,,,,,,,,,,,,,,,,,,,,,,,,,,,,,,,
cp5asEx6KR,6,Project5,96,,,,,,,,,,,,,,,,,,,,,,,,,,,,,,,,,
cp5asEx6KR,6,Project3,69,,,,,,,,,,,,,,,,,,,,,,,,,,,,,,,,,
cp5asEx6KR,6,Project4,97,,,,,,,,,,,,,,,,,,,,,,,,,,,,,,,,,
cp5asEx6KR,7,Final Exam,116,,,,,,,,,,,,,,,,,,,,,,,,,,,,,,,,,
cp5asEx6KR,6,Final Exam,78,,,,,,,,,,,,,,,,,,,,,,,,,,,,,,,,,
cp5asEx6KR,7,Midterm,77,,,,,,,,,,,,,,,,,,,,,,,,,,,,,,,,,
cp5asEx6KR,6,Midterm,48,,,,,,,,,,,,,,,,,,,,,,,,,,,,,,,,,
cp5asEx6KR,6,Project2,86,,,,,,,,,,,,,,,,,,,,,,,,,,,,,,,,,
cp5asEx6KR,6,Project1,97,,,,,,,,,,,,,,,,,,,,,,,,,,,,,,,,,
cp5asEx6KR,7,Assignment1,69,,,,,,,,,,,,,,,,,,,,,,,,,,,,,,,,,
cp5asEx6KR,7,Assignment2,70,,,,,,,,,,,,,,,,,,,,,,,,,,,,,,,,,
DlK1RDF6DZ,2,Midterm1,40,,,,,,,,,,,,,,,,,,,,,,,,,,,,,,,,,
DlK1RDF6DZ,2,Assignment5,67,,,,,,,,,,,,,,,,,,,,,,,,,,,,,,,,,
DlK1RDF6DZ,2,Assignment4,72,,,,,,,,,,,,,,,,,,,,,,,,,,,,,,,,,
DlK1RDF6DZ,2,Final Exam,92,,,,,,,,,,,,,,,,,,,,,,,,,,,,,,,,,
DlK1RDF6DZ,2,Midterm2,49,,,,,,,,,,,,,,,,,,,,,,,,,,,,,,,,,
DlK1RDF6DZ,2,Bonus Quiz,3,,,,,,,,,,,,,,,,,,,,,,,,,,,,,,,,,
DlK1RDF6DZ,2,Final Project,57,,,,,,,,,,,,,,,,,,,,,,,,,,,,,,,,,
DlK1RDF6DZ,2,Assignment1,69,,,,,,,,,,,,,,,,,,,,,,,,,,,,,,,,,
DlK1RDF6DZ,2,Assignment3,51,,,,,,,,,,,,,,,,,,,,,,,,,,,,,,,,,
DlK1RDF6DZ,2,Assignment2,61,,,,,,,,,,,,,,,,,,,,,,,,,,,,,,,,,
ECk9NPOnC1,3,Homework5,69,,,,,,,,,,,,,,,,,,,,,,,,,,,,,,,,,
ECk9NPOnC1,3,Homework4,69,,,,,,,,,,,,,,,,,,,,,,,,,,,,,,,,,
ECk9NPOnC1,3,Homework1,60,,,,,,,,,,,,,,,,,,,,,,,,,,,,,,,,,
ECk9NPOnC1,3,Homework2,81,,,,,,,,,,,,,,,,,,,,,,,,,,,,,,,,,
ECk9NPOnC1,3,Homework7,61,,,,,,,,,,,,,,,,,,,,,,,,,,,,,,,,,
ECk9NPOnC1,3,Final Exam,51,,,,,,,,,,,,,,,,,,,,,,,,,,,,,,,,,
ECk9NPOnC1,1,Midterm1,43,,,,,,,,,,,,,,,,,,,,,,,,,,,,,,,,,
ECk9NPOnC1,3,Homework3,88,,,,,,,,,,,,,,,,,,,,,,,,,,,,,,,,,
ECk9NPOnC1,1,Assignment5,86,,,,,,,,,,,,,,,,,,,,,,,,,,,,,,,,,
ECk9NPOnC1,1,Assignment4,94,,,,,,,,,,,,,,,,,,,,,,,,,,,,,,,,,
ECk9NPOnC1,1,Final Exam,64,,,,,,,,,,,,,,,,,,,,,,,,,,,,,,,,,
ECk9NPOnC1,3,Midterm,93,,,,,,,,,,,,,,,,,,,,,,,,,,,,,,,,,
ECk9NPOnC1,3,Homework8,86,,,,,,,,,,,,,,,,,,,,,,,,,,,,,,,,,
ECk9NPOnC1,1,Midterm2,53,,,,,,,,,,,,,,,,,,,,,,,,,,,,,,,,,
ECk9NPOnC1,1,Bonus Quiz,0,,,,,,,,,,,,,,,,,,,,,,,,,,,,,,,,,
ECk9NPOnC1,1,Final Project,103,,,,,,,,,,,,,,,,,,,,,,,,,,,,,,,,,
ECk9NPOnC1,1,Assignment1,88,,,,,,,,,,,,,,,,,,,,,,,,,,,,,,,,,
ECk9NPOnC1,1,Assignment3,97,,,,,,,,,,,,,,,,,,,,,,,,,,,,,,,,,
ECk9NPOnC1,1,Assignment2,60,,,,,,,,,,,,,,,,,,,,,,,,,,,,,,,,,
ECk9NPOnC1,3,Homework6,67,,,,,,,,,,,,,,,,,,,,,,,,,,,,,,,,,
EIBGkZJ8LU,7,Assignment4,76,,,,,,,,,,,,,,,,,,,,,,,,,,,,,,,,,
EIBGkZJ8LU,7,Assignment3,89,,,,,,,,,,,,,,,,,,,,,,,,,,,,,,,,,
EIBGkZJ8LU,6,Project5,91,,,,,,,,,,,,,,,,,,,,,,,,,,,,,,,,,
EIBGkZJ8LU,6,Project3,64,,,,,,,,,,,,,,,,,,,,,,,,,,,,,,,,,
EIBGkZJ8LU,6,Project4,46,,,,,,,,,,,,,,,,,,,,,,,,,,,,,,,,,
EIBGkZJ8LU,7,Final Exam,91,,,,,,,,,,,,,,,,,,,,,,,,,,,,,,,,,
EIBGkZJ8LU,6,Final Exam,120,,,,,,,,,,,,,,,,,,,,,,,,,,,,,,,,,
EIBGkZJ8LU,7,Midterm,45,,,,,,,,,,,,,,,,,,,,,,,,,,,,,,,,,
EIBGkZJ8LU,6,Midterm,49,,,,,,,,,,,,,,,,,,,,,,,,,,,,,,,,,
EIBGkZJ8LU,6,Project2,96,,,,,,,,,,,,,,,,,,,,,,,,,,,,,,,,,
EIBGkZJ8LU,6,Project1,50,,,,,,,,,,,,,,,,,,,,,,,,,,,,,,,,,
EIBGkZJ8LU,7,Assignment1,65,,,,,,,,,,,,,,,,,,,,,,,,,,,,,,,,,
EIBGkZJ8LU,7,Assignment2,96,,,,,,,,,,,,,,,,,,,,,,,,,,,,,,,,,
erGZXNCSa8,5,Assignment4,86,,,,,,,,,,,,,,,,,,,,,,,,,,,,,,,,,
erGZXNCSa8,5,Assignment3,90,,,,,,,,,,,,,,,,,,,,,,,,,,,,,,,,,
erGZXNCSa8,4,Midterm1,34,,,,,,,,,,,,,,,,,,,,,,,,,,,,,,,,,
erGZXNCSa8,4,Assignment5,78,,,,,,,,,,,,,,,,,,,,,,,,,,,,,,,,,
erGZXNCSa8,4,Assignment4,22,,,,,,,,,,,,,,,,,,,,,,,,,,,,,,,,,
erGZXNCSa8,4,Final Exam,91,,,,,,,,,,,,,,,,,,,,,,,,,,,,,,,,,
erGZXNCSa8,5,Final Exam,109,,,,,,,,,,,,,,,,,,,,,,,,,,,,,,,,,
erGZXNCSa8,5,Midterm,68,,,,,,,,,,,,,,,,,,,,,,,,,,,,,,,,,
erGZXNCSa8,4,Midterm2,35,,,,,,,,,,,,,,,,,,,,,,,,,,,,,,,,,
erGZXNCSa8,4,Bonus Quiz,2,,,,,,,,,,,,,,,,,,,,,,,,,,,,,,,,,
erGZXNCSa8,4,Final Project,121,,,,,,,,,,,,,,,,,,,,,,,,,,,,,,,,,
erGZXNCSa8,4,Assignment1,39,,,,,,,,,,,,,,,,,,,,,,,,,,,,,,,,,
erGZXNCSa8,4,Assignment3,71,,,,,,,,,,,,,,,,,,,,,,,,,,,,,,,,,
erGZXNCSa8,4,Assignment2,35,,,,,,,,,,,,,,,,,,,,,,,,,,,,,,,,,
erGZXNCSa8,5,Assignment1,69,,,,,,,,,,,,,,,,,,,,,,,,,,,,,,,,,
erGZXNCSa8,5,Assignment2,49,,,,,,,,,,,,,,,,,,,,,,,,,,,,,,,,,
EWUS9AaKts,2,Midterm1,22,,,,,,,,,,,,,,,,,,,,,,,,,,,,,,,,,
EWUS9AaKts,2,Assignment5,63,,,,,,,,,,,,,,,,,,,,,,,,,,,,,,,,,
EWUS9AaKts,2,Assignment4,98,,,,,,,,,,,,,,,,,,,,,,,,,,,,,,,,,
EWUS9AaKts,2,Final Exam,54,,,,,,,,,,,,,,,,,,,,,,,,,,,,,,,,,
EWUS9AaKts,2,Midterm2,32,,,,,,,,,,,,,,,,,,,,,,,,,,,,,,,,,
EWUS9AaKts,2,Bonus Quiz,4,,,,,,,,,,,,,,,,,,,,,,,,,,,,,,,,,
EWUS9AaKts,2,Final Project,119,,,,,,,,,,,,,,,,,,,,,,,,,,,,,,,,,
EWUS9AaKts,2,Assignment1,89,,,,,,,,,,,,,,,,,,,,,,,,,,,,,,,,,
EWUS9AaKts,2,Assignment3,54,,,,,,,,,,,,,,,,,,,,,,,,,,,,,,,,,
EWUS9AaKts,2,Assignment2,67,,,,,,,,,,,,,,,,,,,,,,,,,,,,,,,,,
F8SGo1rfbJ,3,Homework5,81,,,,,,,,,,,,,,,,,,,,,,,,,,,,,,,,,
F8SGo1rfbJ,3,Homework4,91,,,,,,,,,,,,,,,,,,,,,,,,,,,,,,,,,
F8SGo1rfbJ,3,Homework1,86,,,,,,,,,,,,,,,,,,,,,,,,,,,,,,,,,
F8SGo1rfbJ,3,Homework2,93,,,,,,,,,,,,,,,,,,,,,,,,,,,,,,,,,
F8SGo1rfbJ,3,Homework7,70,,,,,,,,,,,,,,,,,,,,,,,,,,,,,,,,,
F8SGo1rfbJ,3,Final Exam,53,,,,,,,,,,,,,,,,,,,,,,,,,,,,,,,,,
F8SGo1rfbJ,2,Midterm1,26,,,,,,,,,,,,,,,,,,,,,,,,,,,,,,,,,
F8SGo1rfbJ,3,Homework3,89,,,,,,,,,,,,,,,,,,,,,,,,,,,,,,,,,
F8SGo1rfbJ,2,Assignment5,53,,,,,,,,,,,,,,,,,,,,,,,,,,,,,,,,,
F8SGo1rfbJ,2,Assignment4,92,,,,,,,,,,,,,,,,,,,,,,,,,,,,,,,,,
F8SGo1rfbJ,2,Final Exam,99,,,,,,,,,,,,,,,,,,,,,,,,,,,,,,,,,
F8SGo1rfbJ,3,Midterm,31,,,,,,,,,,,,,,,,,,,,,,,,,,,,,,,,,
F8SGo1rfbJ,3,Homework8,36,,,,,,,,,,,,,,,,,,,,,,,,,,,,,,,,,
F8SGo1rfbJ,2,Midterm2,43,,,,,,,,,,,,,,,,,,,,,,,,,,,,,,,,,
F8SGo1rfbJ,2,Bonus Quiz,6,,,,,,,,,,,,,,,,,,,,,,,,,,,,,,,,,
F8SGo1rfbJ,2,Final Project,71,,,,,,,,,,,,,,,,,,,,,,,,,,,,,,,,,
F8SGo1rfbJ,2,Assignment1,81,,,,,,,,,,,,,,,,,,,,,,,,,,,,,,,,,
F8SGo1rfbJ,2,Assignment3,53,,,,,,,,,,,,,,,,,,,,,,,,,,,,,,,,,
F8SGo1rfbJ,2,Assignment2,91,,,,,,,,,,,,,,,,,,,,,,,,,,,,,,,,,
F8SGo1rfbJ,3,Homework6,40,,,,,,,,,,,,,,,,,,,,,,,,,,,,,,,,,
fe20lUruvB,7,Assignment4,70,,,,,,,,,,,,,,,,,,,,,,,,,,,,,,,,,
fe20lUruvB,7,Assignment3,48,,,,,,,,,,,,,,,,,,,,,,,,,,,,,,,,,
fe20lUruvB,6,Project5,47,,,,,,,,,,,,,,,,,,,,,,,,,,,,,,,,,
fe20lUruvB,6,Project3,50,,,,,,,,,,,,,,,,,,,,,,,,,,,,,,,,,
fe20lUruvB,6,Project4,65,,,,,,,,,,,,,,,,,,,,,,,,,,,,,,,,,
fe20lUruvB,7,Final Exam,101,,,,,,,,,,,,,,,,,,,,,,,,,,,,,,,,,
fe20lUruvB,6,Final Exam,115,,,,,,,,,,,,,,,,,,,,,,,,,,,,,,,,,
fe20lUruvB,7,Midterm,62,,,,,,,,,,,,,,,,,,,,,,,,,,,,,,,,,
fe20lUruvB,6,Midterm,8,,,,,,,,,,,,,,,,,,,,,,,,,,,,,,,,,
fe20lUruvB,6,Project2,55,,,,,,,,,,,,,,,,,,,,,,,,,,,,,,,,,
fe20lUruvB,6,Project1,78,,,,,,,,,,,,,,,,,,,,,,,,,,,,,,,,,
fe20lUruvB,7,Assignment1,75,,,,,,,,,,,,,,,,,,,,,,,,,,,,,,,,,
fe20lUruvB,7,Assignment2,94,,,,,,,,,,,,,,,,,,,,,,,,,,,,,,,,,
ffD2jzc574,8,Assignment6,-1,,,,,,,,,,,,,,,,,,,,,,,,,,,,,,,,,
ffD2jzc574,8,Assignment4,80,,,,,,,,,,,,,,,,,,,,,,,,,,,,,,,,,
ffD2jzc574,8,Assignment5,-1,,,,,,,,,,,,,,,,,,,,,,,,,,,,,,,,,
ffD2jzc574,8,Midterm,46,,,,,,,,,,,,,,,,,,,,,,,,,,,,,,,,,
ffD2jzc574,8,Assignment3,55,,,,,,,,,,,,,,,,,,,,,,,,,,,,,,,,,
ffD2jzc574,8,Assignment2,51,,,,,,,,,,,,,,,,,,,,,,,,,,,,,,,,,
ffD2jzc574,8,Assignment1,81,,,,,,,,,,,,,,,,,,,,,,,,,,,,,,,Final Exam,12/15/21 15:00,100
ffD2jzc574,8,Final Exam,-1,,,,,,,,,,,,,,,,,,,,,,,,,,,,,,,,,
FGVfybCruk,4,Midterm1,34,,,,,,,,,,,,,,,,,,,,,,,,,,,,,,,,,
FGVfybCruk,4,Assignment5,21,,,,,,,,,,,,,,,,,,,,,,,,,,,,,,,,,
FGVfybCruk,4,Assignment4,99,,,,,,,,,,,,,,,,,,,,,,,,,,,,,,,,,
FGVfybCruk,4,Final Exam,41,,,,,,,,,,,,,,,,,,,,,,,,,,,,,,,,,
FGVfybCruk,4,Midterm2,38,,,,,,,,,,,,,,,,,,,,,,,,,,,,,,,,,
FGVfybCruk,4,Bonus Quiz,2,,,,,,,,,,,,,,,,,,,,,,,,,,,,,,,,,
FGVfybCruk,4,Final Project,132,,,,,,,,,,,,,,,,,,,,,,,,,,,,,,,,,
FGVfybCruk,4,Assignment1,44,,,,,,,,,,,,,,,,,,,,,,,,,,,,,,,,,
FGVfybCruk,4,Assignment3,40,,,,,,,,,,,,,,,,,,,,,,,,,,,,,,,,,
FGVfybCruk,4,Assignment2,28,,,,,,,,,,,,,,,,,,,,,,,,,,,,,,,,,
fk7USWbA60,9,Assignment5,-1,,,,,,,,,,,,,,,,,,,,,,,,,,,,,,,,,
fk7USWbA60,9,Final Project,-1,,,,,,,,,,,,,,,,,,,,,,,,,,,,,,,,,
fk7USWbA60,9,Assignment3,87,,,,,,,,,,,,,,,,,,,,,,,,,,,,,,,,,
fk7USWbA60,9,Assignment4,83,,,,,,,,,,,,,,,,,,,,,,,,,,,,,,,,,
fk7USWbA60,9,Assignment2,93,,,,,,,,,,,,,,,,,,,,,,,,,,,,,,,,,
fk7USWbA60,9,Midterm,63,,,,,,,,,,,,,,,,,,,,,,,,,,,,,,,,,
fk7USWbA60,9,Assignment1,75,,,,,,,,,,,,,,,,,,,,,,,,,,,,,,,Final Exam,12/15/21 8:00,200
fk7USWbA60,9,Final Exam,-1,,,,,,,,,,,,,,,,,,,,,,,,,,,,,,,,,
g0aGB2MNq6,5,Assignment4,45,,,,,,,,,,,,,,,,,,,,,,,,,,,,,,,,,
g0aGB2MNq6,5,Assignment3,82,,,,,,,,,,,,,,,,,,,,,,,,,,,,,,,,,
g0aGB2MNq6,4,Midterm1,26,,,,,,,,,,,,,,,,,,,,,,,,,,,,,,,,,
g0aGB2MNq6,4,Assignment5,79,,,,,,,,,,,,,,,,,,,,,,,,,,,,,,,,,
g0aGB2MNq6,4,Assignment4,56,,,,,,,,,,,,,,,,,,,,,,,,,,,,,,,,,
g0aGB2MNq6,4,Final Exam,63,,,,,,,,,,,,,,,,,,,,,,,,,,,,,,,,,
g0aGB2MNq6,5,Final Exam,54,,,,,,,,,,,,,,,,,,,,,,,,,,,,,,,,,
g0aGB2MNq6,5,Midterm,87,,,,,,,,,,,,,,,,,,,,,,,,,,,,,,,,,
g0aGB2MNq6,4,Midterm2,59,,,,,,,,,,,,,,,,,,,,,,,,,,,,,,,,,
g0aGB2MNq6,4,Bonus Quiz,8,,,,,,,,,,,,,,,,,,,,,,,,,,,,,,,,,
g0aGB2MNq6,4,Final Project,94,,,,,,,,,,,,,,,,,,,,,,,,,,,,,,,,,
g0aGB2MNq6,4,Assignment1,89,,,,,,,,,,,,,,,,,,,,,,,,,,,,,,,,,
g0aGB2MNq6,4,Assignment3,71,,,,,,,,,,,,,,,,,,,,,,,,,,,,,,,,,
g0aGB2MNq6,4,Assignment2,47,,,,,,,,,,,,,,,,,,,,,,,,,,,,,,,,,
g0aGB2MNq6,5,Assignment1,79,,,,,,,,,,,,,,,,,,,,,,,,,,,,,,,,,
g0aGB2MNq6,5,Assignment2,69,,,,,,,,,,,,,,,,,,,,,,,,,,,,,,,,,
hEp6l3yRkB,3,Homework5,23,,,,,,,,,,,,,,,,,,,,,,,,,,,,,,,,,
hEp6l3yRkB,3,Homework4,26,,,,,,,,,,,,,,,,,,,,,,,,,,,,,,,,,
hEp6l3yRkB,3,Homework1,56,,,,,,,,,,,,,,,,,,,,,,,,,,,,,,,,,
hEp6l3yRkB,3,Homework2,71,,,,,,,,,,,,,,,,,,,,,,,,,,,,,,,,,
hEp6l3yRkB,3,Homework7,68,,,,,,,,,,,,,,,,,,,,,,,,,,,,,,,,,
hEp6l3yRkB,3,Final Exam,66,,,,,,,,,,,,,,,,,,,,,,,,,,,,,,,,,
hEp6l3yRkB,1,Midterm1,57,,,,,,,,,,,,,,,,,,,,,,,,,,,,,,,,,
hEp6l3yRkB,3,Homework3,96,,,,,,,,,,,,,,,,,,,,,,,,,,,,,,,,,
hEp6l3yRkB,1,Assignment5,83,,,,,,,,,,,,,,,,,,,,,,,,,,,,,,,,,
hEp6l3yRkB,1,Assignment4,68,,,,,,,,,,,,,,,,,,,,,,,,,,,,,,,,,
hEp6l3yRkB,1,Final Exam,24,,,,,,,,,,,,,,,,,,,,,,,,,,,,,,,,,
hEp6l3yRkB,3,Midterm,41,,,,,,,,,,,,,,,,,,,,,,,,,,,,,,,,,
hEp6l3yRkB,3,Homework8,97,,,,,,,,,,,,,,,,,,,,,,,,,,,,,,,,,
hEp6l3yRkB,1,Midterm2,23,,,,,,,,,,,,,,,,,,,,,,,,,,,,,,,,,
hEp6l3yRkB,1,Bonus Quiz,8,,,,,,,,,,,,,,,,,,,,,,,,,,,,,,,,,
hEp6l3yRkB,1,Final Project,135,,,,,,,,,,,,,,,,,,,,,,,,,,,,,,,,,
hEp6l3yRkB,1,Assignment1,73,,,,,,,,,,,,,,,,,,,,,,,,,,,,,,,,,
hEp6l3yRkB,1,Assignment3,73,,,,,,,,,,,,,,,,,,,,,,,,,,,,,,,,,
hEp6l3yRkB,1,Assignment2,88,,,,,,,,,,,,,,,,,,,,,,,,,,,,,,,,,
hEp6l3yRkB,3,Homework6,75,,,,,,,,,,,,,,,,,,,,,,,,,,,,,,,,,
I8k5HwpLlU,7,Assignment4,67,,,,,,,,,,,,,,,,,,,,,,,,,,,,,,,,,
I8k5HwpLlU,7,Assignment3,51,,,,,,,,,,,,,,,,,,,,,,,,,,,,,,,,,
I8k5HwpLlU,6,Project5,69,,,,,,,,,,,,,,,,,,,,,,,,,,,,,,,,,
I8k5HwpLlU,6,Project3,91,,,,,,,,,,,,,,,,,,,,,,,,,,,,,,,,,
I8k5HwpLlU,6,Project4,92,,,,,,,,,,,,,,,,,,,,,,,,,,,,,,,,,
I8k5HwpLlU,7,Final Exam,52,,,,,,,,,,,,,,,,,,,,,,,,,,,,,,,,,
I8k5HwpLlU,6,Final Exam,76,,,,,,,,,,,,,,,,,,,,,,,,,,,,,,,,,
I8k5HwpLlU,7,Midterm,81,,,,,,,,,,,,,,,,,,,,,,,,,,,,,,,,,
I8k5HwpLlU,6,Midterm,21,,,,,,,,,,,,,,,,,,,,,,,,,,,,,,,,,
I8k5HwpLlU,6,Project2,87,,,,,,,,,,,,,,,,,,,,,,,,,,,,,,,,,
I8k5HwpLlU,6,Project1,71,,,,,,,,,,,,,,,,,,,,,,,,,,,,,,,,,
I8k5HwpLlU,7,Assignment1,91,,,,,,,,,,,,,,,,,,,,,,,,,,,,,,,,,
I8k5HwpLlU,7,Assignment2,65,,,,,,,,,,,,,,,,,,,,,,,,,,,,,,,,,
iep724zbM3,2,Midterm1,20,,,,,,,,,,,,,,,,,,,,,,,,,,,,,,,,,
iep724zbM3,2,Assignment5,96,,,,,,,,,,,,,,,,,,,,,,,,,,,,,,,,,
iep724zbM3,2,Assignment4,35,,,,,,,,,,,,,,,,,,,,,,,,,,,,,,,,,
iep724zbM3,2,Final Exam,79,,,,,,,,,,,,,,,,,,,,,,,,,,,,,,,,,
iep724zbM3,2,Midterm2,47,,,,,,,,,,,,,,,,,,,,,,,,,,,,,,,,,
iep724zbM3,2,Bonus Quiz,5,,,,,,,,,,,,,,,,,,,,,,,,,,,,,,,,,
iep724zbM3,2,Final Project,101,,,,,,,,,,,,,,,,,,,,,,,,,,,,,,,,,
iep724zbM3,2,Assignment1,63,,,,,,,,,,,,,,,,,,,,,,,,,,,,,,,,,
iep724zbM3,2,Assignment3,87,,,,,,,,,,,,,,,,,,,,,,,,,,,,,,,,,
iep724zbM3,2,Assignment2,61,,,,,,,,,,,,,,,,,,,,,,,,,,,,,,,,,
ixYZCGpl5D,3,Homework5,45,,,,,,,,,,,,,,,,,,,,,,,,,,,,,,,,,
ixYZCGpl5D,3,Homework4,39,,,,,,,,,,,,,,,,,,,,,,,,,,,,,,,,,
ixYZCGpl5D,3,Homework1,64,,,,,,,,,,,,,,,,,,,,,,,,,,,,,,,,,
ixYZCGpl5D,3,Homework2,45,,,,,,,,,,,,,,,,,,,,,,,,,,,,,,,,,
ixYZCGpl5D,3,Homework7,70,,,,,,,,,,,,,,,,,,,,,,,,,,,,,,,,,
ixYZCGpl5D,3,Final Exam,21,,,,,,,,,,,,,,,,,,,,,,,,,,,,,,,,,
ixYZCGpl5D,2,Midterm1,36,,,,,,,,,,,,,,,,,,,,,,,,,,,,,,,,,
ixYZCGpl5D,3,Homework3,22,,,,,,,,,,,,,,,,,,,,,,,,,,,,,,,,,
ixYZCGpl5D,2,Assignment5,73,,,,,,,,,,,,,,,,,,,,,,,,,,,,,,,,,
ixYZCGpl5D,2,Assignment4,66,,,,,,,,,,,,,,,,,,,,,,,,,,,,,,,,,
ixYZCGpl5D,2,Final Exam,58,,,,,,,,,,,,,,,,,,,,,,,,,,,,,,,,,
ixYZCGpl5D,3,Midterm,32,,,,,,,,,,,,,,,,,,,,,,,,,,,,,,,,,
ixYZCGpl5D,3,Homework8,57,,,,,,,,,,,,,,,,,,,,,,,,,,,,,,,,,
ixYZCGpl5D,2,Midterm2,53,,,,,,,,,,,,,,,,,,,,,,,,,,,,,,,,,
ixYZCGpl5D,2,Bonus Quiz,3,,,,,,,,,,,,,,,,,,,,,,,,,,,,,,,,,
ixYZCGpl5D,2,Final Project,65,,,,,,,,,,,,,,,,,,,,,,,,,,,,,,,,,
ixYZCGpl5D,2,Assignment1,58,,,,,,,,,,,,,,,,,,,,,,,,,,,,,,,,,
ixYZCGpl5D,2,Assignment3,86,,,,,,,,,,,,,,,,,,,,,,,,,,,,,,,,,
ixYZCGpl5D,2,Assignment2,45,,,,,,,,,,,,,,,,,,,,,,,,,,,,,,,,,
ixYZCGpl5D,3,Homework6,66,,,,,,,,,,,,,,,,,,,,,,,,,,,,,,,,,
ize3lkeNiR,9,Assignment5,-1,,,,,,,,,,,,,,,,,,,,,,,,,,,,,,,,,
ize3lkeNiR,9,Final Project,-1,,,,,,,,,,,,,,,,,,,,,,,,,,,,,,,,,
ize3lkeNiR,9,Assignment3,94,,,,,,,,,,,,,,,,,,,,,,,,,,,,,,,,,
ize3lkeNiR,9,Assignment4,92,,,,,,,,,,,,,,,,,,,,,,,,,,,,,,,,,
ize3lkeNiR,9,Assignment2,86,,,,,,,,,,,,,,,,,,,,,,,,,,,,,,,,,
ize3lkeNiR,9,Midterm,86,,,,,,,,,,,,,,,,,,,,,,,,,,,,,,,,,
ize3lkeNiR,9,Assignment1,71,,,,,,,,,,,,,,,,,,,,,,,,,,,,,,,Final Exam,12/15/21 8:00,200
ize3lkeNiR,9,Final Exam,-1,,,,,,,,,,,,,,,,,,,,,,,,,,,,,,,,,
j3BjhOJA0K,8,Assignment6,-1,,,,,,,,,,,,,,,,,,,,,,,,,,,,,,,,,
j3BjhOJA0K,8,Assignment4,43,,,,,,,,,,,,,,,,,,,,,,,,,,,,,,,,,
j3BjhOJA0K,8,Assignment5,-1,,,,,,,,,,,,,,,,,,,,,,,,,,,,,,,,,
j3BjhOJA0K,8,Midterm,34,,,,,,,,,,,,,,,,,,,,,,,,,,,,,,,,,
j3BjhOJA0K,8,Assignment3,65,,,,,,,,,,,,,,,,,,,,,,,,,,,,,,,,,
j3BjhOJA0K,8,Assignment2,66,,,,,,,,,,,,,,,,,,,,,,,,,,,,,,,,,
j3BjhOJA0K,8,Assignment1,92,,,,,,,,,,,,,,,,,,,,,,,,,,,,,,,Final Exam,12/15/21 15:00,100
j3BjhOJA0K,8,Final Exam,-1,,,,,,,,,,,,,,,,,,,,,,,,,,,,,,,,,
JEdJCRTwMu,3,Homework5,38,,,,,,,,,,,,,,,,,,,,,,,,,,,,,,,,,
JEdJCRTwMu,3,Homework4,70,,,,,,,,,,,,,,,,,,,,,,,,,,,,,,,,,
JEdJCRTwMu,3,Homework1,86,,,,,,,,,,,,,,,,,,,,,,,,,,,,,,,,,
JEdJCRTwMu,3,Homework2,77,,,,,,,,,,,,,,,,,,,,,,,,,,,,,,,,,
JEdJCRTwMu,3,Homework7,21,,,,,,,,,,,,,,,,,,,,,,,,,,,,,,,,,
JEdJCRTwMu,3,Final Exam,40,,,,,,,,,,,,,,,,,,,,,,,,,,,,,,,,,
JEdJCRTwMu,2,Midterm1,45,,,,,,,,,,,,,,,,,,,,,,,,,,,,,,,,,
JEdJCRTwMu,3,Homework3,62,,,,,,,,,,,,,,,,,,,,,,,,,,,,,,,,,
JEdJCRTwMu,2,Assignment5,92,,,,,,,,,,,,,,,,,,,,,,,,,,,,,,,,,
JEdJCRTwMu,2,Assignment4,78,,,,,,,,,,,,,,,,,,,,,,,,,,,,,,,,,
JEdJCRTwMu,2,Final Exam,96,,,,,,,,,,,,,,,,,,,,,,,,,,,,,,,,,
JEdJCRTwMu,3,Midterm,45,,,,,,,,,,,,,,,,,,,,,,,,,,,,,,,,,
JEdJCRTwMu,3,Homework8,47,,,,,,,,,,,,,,,,,,,,,,,,,,,,,,,,,
JEdJCRTwMu,2,Midterm2,43,,,,,,,,,,,,,,,,,,,,,,,,,,,,,,,,,
JEdJCRTwMu,2,Bonus Quiz,6,,,,,,,,,,,,,,,,,,,,,,,,,,,,,,,,,
JEdJCRTwMu,2,Final Project,141,,,,,,,,,,,,,,,,,,,,,,,,,,,,,,,,,
JEdJCRTwMu,2,Assignment1,98,,,,,,,,,,,,,,,,,,,,,,,,,,,,,,,,,
JEdJCRTwMu,2,Assignment3,97,,,,,,,,,,,,,,,,,,,,,,,,,,,,,,,,,
JEdJCRTwMu,2,Assignment2,52,,,,,,,,,,,,,,,,,,,,,,,,,,,,,,,,,
JEdJCRTwMu,3,Homework6,24,,,,,,,,,,,,,,,,,,,,,,,,,,,,,,,,,
k4hG2bKBi2,7,Assignment4,57,,,,,,,,,,,,,,,,,,,,,,,,,,,,,,,,,
k4hG2bKBi2,7,Assignment3,68,,,,,,,,,,,,,,,,,,,,,,,,,,,,,,,,,
k4hG2bKBi2,6,Project5,47,,,,,,,,,,,,,,,,,,,,,,,,,,,,,,,,,
k4hG2bKBi2,6,Project3,72,,,,,,,,,,,,,,,,,,,,,,,,,,,,,,,,,
k4hG2bKBi2,6,Project4,89,,,,,,,,,,,,,,,,,,,,,,,,,,,,,,,,,
k4hG2bKBi2,7,Final Exam,57,,,,,,,,,,,,,,,,,,,,,,,,,,,,,,,,,
k4hG2bKBi2,6,Final Exam,64,,,,,,,,,,,,,,,,,,,,,,,,,,,,,,,,,
k4hG2bKBi2,7,Midterm,78,,,,,,,,,,,,,,,,,,,,,,,,,,,,,,,,,
k4hG2bKBi2,6,Midterm,45,,,,,,,,,,,,,,,,,,,,,,,,,,,,,,,,,
k4hG2bKBi2,6,Project2,90,,,,,,,,,,,,,,,,,,,,,,,,,,,,,,,,,
k4hG2bKBi2,6,Project1,47,,,,,,,,,,,,,,,,,,,,,,,,,,,,,,,,,
k4hG2bKBi2,7,Assignment1,69,,,,,,,,,,,,,,,,,,,,,,,,,,,,,,,,,
k4hG2bKBi2,7,Assignment2,85,,,,,,,,,,,,,,,,,,,,,,,,,,,,,,,,,
Ki437ImMiB,5,Assignment4,62,,,,,,,,,,,,,,,,,,,,,,,,,,,,,,,,,
Ki437ImMiB,5,Assignment3,83,,,,,,,,,,,,,,,,,,,,,,,,,,,,,,,,,
Ki437ImMiB,4,Midterm1,25,,,,,,,,,,,,,,,,,,,,,,,,,,,,,,,,,
Ki437ImMiB,4,Assignment5,58,,,,,,,,,,,,,,,,,,,,,,,,,,,,,,,,,
Ki437ImMiB,4,Assignment4,65,,,,,,,,,,,,,,,,,,,,,,,,,,,,,,,,,
Ki437ImMiB,4,Final Exam,95,,,,,,,,,,,,,,,,,,,,,,,,,,,,,,,,,
Ki437ImMiB,5,Final Exam,95,,,,,,,,,,,,,,,,,,,,,,,,,,,,,,,,,
Ki437ImMiB,5,Midterm,51,,,,,,,,,,,,,,,,,,,,,,,,,,,,,,,,,
Ki437ImMiB,4,Midterm2,54,,,,,,,,,,,,,,,,,,,,,,,,,,,,,,,,,
Ki437ImMiB,4,Bonus Quiz,0,,,,,,,,,,,,,,,,,,,,,,,,,,,,,,,,,
Ki437ImMiB,4,Final Project,121,,,,,,,,,,,,,,,,,,,,,,,,,,,,,,,,,
Ki437ImMiB,4,Assignment1,96,,,,,,,,,,,,,,,,,,,,,,,,,,,,,,,,,
Ki437ImMiB,4,Assignment3,56,,,,,,,,,,,,,,,,,,,,,,,,,,,,,,,,,
Ki437ImMiB,4,Assignment2,99,,,,,,,,,,,,,,,,,,,,,,,,,,,,,,,,,
Ki437ImMiB,5,Assignment1,67,,,,,,,,,,,,,,,,,,,,,,,,,,,,,,,,,
Ki437ImMiB,5,Assignment2,53,,,,,,,,,,,,,,,,,,,,,,,,,,,,,,,,,
kJQAvxlegv,7,Assignment4,73,,,,,,,,,,,,,,,,,,,,,,,,,,,,,,,,,
kJQAvxlegv,7,Assignment3,72,,,,,,,,,,,,,,,,,,,,,,,,,,,,,,,,,
kJQAvxlegv,6,Project5,94,,,,,,,,,,,,,,,,,,,,,,,,,,,,,,,,,
kJQAvxlegv,6,Project3,100,,,,,,,,,,,,,,,,,,,,,,,,,,,,,,,,,
kJQAvxlegv,6,Project4,87,,,,,,,,,,,,,,,,,,,,,,,,,,,,,,,,,
kJQAvxlegv,7,Final Exam,68,,,,,,,,,,,,,,,,,,,,,,,,,,,,,,,,,
kJQAvxlegv,6,Final Exam,115,,,,,,,,,,,,,,,,,,,,,,,,,,,,,,,,,
kJQAvxlegv,7,Midterm,74,,,,,,,,,,,,,,,,,,,,,,,,,,,,,,,,,
kJQAvxlegv,6,Midterm,19,,,,,,,,,,,,,,,,,,,,,,,,,,,,,,,,,
kJQAvxlegv,6,Project2,56,,,,,,,,,,,,,,,,,,,,,,,,,,,,,,,,,
kJQAvxlegv,6,Project1,94,,,,,,,,,,,,,,,,,,,,,,,,,,,,,,,,,
kJQAvxlegv,7,Assignment1,69,,,,,,,,,,,,,,,,,,,,,,,,,,,,,,,,,
kJQAvxlegv,7,Assignment2,78,,,,,,,,,,,,,,,,,,,,,,,,,,,,,,,,,
l8Ck5AEii7,7,Assignment4,60,,,,,,,,,,,,,,,,,,,,,,,,,,,,,,,,,
l8Ck5AEii7,7,Assignment3,49,,,,,,,,,,,,,,,,,,,,,,,,,,,,,,,,,
l8Ck5AEii7,6,Project5,95,,,,,,,,,,,,,,,,,,,,,,,,,,,,,,,,,
l8Ck5AEii7,6,Project3,87,,,,,,,,,,,,,,,,,,,,,,,,,,,,,,,,,
l8Ck5AEii7,6,Project4,67,,,,,,,,,,,,,,,,,,,,,,,,,,,,,,,,,
l8Ck5AEii7,7,Final Exam,84,,,,,,,,,,,,,,,,,,,,,,,,,,,,,,,,,
l8Ck5AEii7,6,Final Exam,110,,,,,,,,,,,,,,,,,,,,,,,,,,,,,,,,,
l8Ck5AEii7,7,Midterm,62,,,,,,,,,,,,,,,,,,,,,,,,,,,,,,,,,
l8Ck5AEii7,6,Midterm,48,,,,,,,,,,,,,,,,,,,,,,,,,,,,,,,,,
l8Ck5AEii7,6,Project2,65,,,,,,,,,,,,,,,,,,,,,,,,,,,,,,,,,
l8Ck5AEii7,6,Project1,55,,,,,,,,,,,,,,,,,,,,,,,,,,,,,,,,,
l8Ck5AEii7,7,Assignment1,46,,,,,,,,,,,,,,,,,,,,,,,,,,,,,,,,,
l8Ck5AEii7,7,Assignment2,88,,,,,,,,,,,,,,,,,,,,,,,,,,,,,,,,,
l8fb19WIds,2,Midterm1,55,,,,,,,,,,,,,,,,,,,,,,,,,,,,,,,,,
l8fb19WIds,2,Assignment5,82,,,,,,,,,,,,,,,,,,,,,,,,,,,,,,,,,
l8fb19WIds,2,Assignment4,88,,,,,,,,,,,,,,,,,,,,,,,,,,,,,,,,,
l8fb19WIds,2,Final Exam,79,,,,,,,,,,,,,,,,,,,,,,,,,,,,,,,,,
l8fb19WIds,2,Midterm2,24,,,,,,,,,,,,,,,,,,,,,,,,,,,,,,,,,
l8fb19WIds,2,Bonus Quiz,7,,,,,,,,,,,,,,,,,,,,,,,,,,,,,,,,,
l8fb19WIds,2,Final Project,138,,,,,,,,,,,,,,,,,,,,,,,,,,,,,,,,,
l8fb19WIds,2,Assignment1,88,,,,,,,,,,,,,,,,,,,,,,,,,,,,,,,,,
l8fb19WIds,2,Assignment3,92,,,,,,,,,,,,,,,,,,,,,,,,,,,,,,,,,
l8fb19WIds,2,Assignment2,70,,,,,,,,,,,,,,,,,,,,,,,,,,,,,,,,,
LbOIaCTwOR,3,Homework5,40,,,,,,,,,,,,,,,,,,,,,,,,,,,,,,,,,
LbOIaCTwOR,3,Homework4,45,,,,,,,,,,,,,,,,,,,,,,,,,,,,,,,,,
LbOIaCTwOR,3,Homework1,98,,,,,,,,,,,,,,,,,,,,,,,,,,,,,,,,,
LbOIaCTwOR,3,Homework2,71,,,,,,,,,,,,,,,,,,,,,,,,,,,,,,,,,
LbOIaCTwOR,3,Homework7,93,,,,,,,,,,,,,,,,,,,,,,,,,,,,,,,,,
LbOIaCTwOR,3,Final Exam,54,,,,,,,,,,,,,,,,,,,,,,,,,,,,,,,,,
LbOIaCTwOR,2,Midterm1,35,,,,,,,,,,,,,,,,,,,,,,,,,,,,,,,,,
LbOIaCTwOR,3,Homework3,46,,,,,,,,,,,,,,,,,,,,,,,,,,,,,,,,,
LbOIaCTwOR,2,Assignment5,41,,,,,,,,,,,,,,,,,,,,,,,,,,,,,,,,,
LbOIaCTwOR,2,Assignment4,94,,,,,,,,,,,,,,,,,,,,,,,,,,,,,,,,,
LbOIaCTwOR,2,Final Exam,36,,,,,,,,,,,,,,,,,,,,,,,,,,,,,,,,,
LbOIaCTwOR,3,Midterm,81,,,,,,,,,,,,,,,,,,,,,,,,,,,,,,,,,
LbOIaCTwOR,3,Homework8,72,,,,,,,,,,,,,,,,,,,,,,,,,,,,,,,,,
LbOIaCTwOR,2,Midterm2,59,,,,,,,,,,,,,,,,,,,,,,,,,,,,,,,,,
LbOIaCTwOR,2,Bonus Quiz,3,,,,,,,,,,,,,,,,,,,,,,,,,,,,,,,,,
LbOIaCTwOR,2,Final Project,146,,,,,,,,,,,,,,,,,,,,,,,,,,,,,,,,,
LbOIaCTwOR,2,Assignment1,78,,,,,,,,,,,,,,,,,,,,,,,,,,,,,,,,,
LbOIaCTwOR,2,Assignment3,89,,,,,,,,,,,,,,,,,,,,,,,,,,,,,,,,,
LbOIaCTwOR,2,Assignment2,69,,,,,,,,,,,,,,,,,,,,,,,,,,,,,,,,,
LbOIaCTwOR,3,Homework6,33,,,,,,,,,,,,,,,,,,,,,,,,,,,,,,,,,
lKOmgoDP5M,6,Project5,46,,,,,,,,,,,,,,,,,,,,,,,,,,,,,,,,,
lKOmgoDP5M,6,Project3,71,,,,,,,,,,,,,,,,,,,,,,,,,,,,,,,,,
lKOmgoDP5M,6,Project4,50,,,,,,,,,,,,,,,,,,,,,,,,,,,,,,,,,
lKOmgoDP5M,6,Final Exam,66,,,,,,,,,,,,,,,,,,,,,,,,,,,,,,,,,
lKOmgoDP5M,6,Midterm,30,,,,,,,,,,,,,,,,,,,,,,,,,,,,,,,,,
lKOmgoDP5M,6,Project2,84,,,,,,,,,,,,,,,,,,,,,,,,,,,,,,,,,
lKOmgoDP5M,6,Project1,82,,,,,,,,,,,,,,,,,,,,,,,,,,,,,,,,,
loWO7ep40W,8,Assignment6,-1,,,,,,,,,,,,,,,,,,,,,,,,,,,,,,,,,
loWO7ep40W,8,Assignment4,65,,,,,,,,,,,,,,,,,,,,,,,,,,,,,,,,,
loWO7ep40W,8,Assignment5,-1,,,,,,,,,,,,,,,,,,,,,,,,,,,,,,,,,
loWO7ep40W,8,Midterm,52,,,,,,,,,,,,,,,,,,,,,,,,,,,,,,,,,
loWO7ep40W,8,Assignment3,96,,,,,,,,,,,,,,,,,,,,,,,,,,,,,,,,,
loWO7ep40W,8,Assignment2,84,,,,,,,,,,,,,,,,,,,,,,,,,,,,,,,,,
loWO7ep40W,8,Assignment1,78,,,,,,,,,,,,,,,,,,,,,,,,,,,,,,,Final Exam,12/15/21 15:00,100
loWO7ep40W,8,Final Exam,-1,,,,,,,,,,,,,,,,,,,,,,,,,,,,,,,,,
LRH33DL7sR,8,Assignment6,-1,,,,,,,,,,,,,,,,,,,,,,,,,,,,,,,,,
LRH33DL7sR,8,Assignment4,43,,,,,,,,,,,,,,,,,,,,,,,,,,,,,,,,,
LRH33DL7sR,8,Assignment5,-1,,,,,,,,,,,,,,,,,,,,,,,,,,,,,,,,,
LRH33DL7sR,8,Midterm,29,,,,,,,,,,,,,,,,,,,,,,,,,,,,,,,,,
LRH33DL7sR,8,Assignment3,54,,,,,,,,,,,,,,,,,,,,,,,,,,,,,,,,,
LRH33DL7sR,8,Assignment2,70,,,,,,,,,,,,,,,,,,,,,,,,,,,,,,,,,
LRH33DL7sR,8,Assignment1,63,,,,,,,,,,,,,,,,,,,,,,,,,,,,,,,Final Exam,12/15/21 15:00,100
LRH33DL7sR,8,Final Exam,-1,,,,,,,,,,,,,,,,,,,,,,,,,,,,,,,,,
MMNPTkNHZg,7,Assignment4,60,,,,,,,,,,,,,,,,,,,,,,,,,,,,,,,,,
MMNPTkNHZg,7,Assignment3,59,,,,,,,,,,,,,,,,,,,,,,,,,,,,,,,,,
MMNPTkNHZg,6,Project5,62,,,,,,,,,,,,,,,,,,,,,,,,,,,,,,,,,
MMNPTkNHZg,6,Project3,74,,,,,,,,,,,,,,,,,,,,,,,,,,,,,,,,,
MMNPTkNHZg,6,Project4,78,,,,,,,,,,,,,,,,,,,,,,,,,,,,,,,,,
MMNPTkNHZg,7,Final Exam,132,,,,,,,,,,,,,,,,,,,,,,,,,,,,,,,,,
MMNPTkNHZg,6,Final Exam,71,,,,,,,,,,,,,,,,,,,,,,,,,,,,,,,,,
MMNPTkNHZg,7,Midterm,58,,,,,,,,,,,,,,,,,,,,,,,,,,,,,,,,,
MMNPTkNHZg,6,Midterm,43,,,,,,,,,,,,,,,,,,,,,,,,,,,,,,,,,
MMNPTkNHZg,6,Project2,100,,,,,,,,,,,,,,,,,,,,,,,,,,,,,,,,,
MMNPTkNHZg,6,Project1,100,,,,,,,,,,,,,,,,,,,,,,,,,,,,,,,,,
MMNPTkNHZg,7,Assignment1,71,,,,,,,,,,,,,,,,,,,,,,,,,,,,,,,,,
MMNPTkNHZg,7,Assignment2,74,,,,,,,,,,,,,,,,,,,,,,,,,,,,,,,,,
MvygDkC5GZ,4,Midterm1,31,,,,,,,,,,,,,,,,,,,,,,,,,,,,,,,,,
MvygDkC5GZ,4,Assignment5,71,,,,,,,,,,,,,,,,,,,,,,,,,,,,,,,,,
MvygDkC5GZ,4,Assignment4,76,,,,,,,,,,,,,,,,,,,,,,,,,,,,,,,,,
MvygDkC5GZ,4,Final Exam,84,,,,,,,,,,,,,,,,,,,,,,,,,,,,,,,,,
MvygDkC5GZ,4,Midterm2,23,,,,,,,,,,,,,,,,,,,,,,,,,,,,,,,,,
MvygDkC5GZ,4,Bonus Quiz,0,,,,,,,,,,,,,,,,,,,,,,,,,,,,,,,,,
MvygDkC5GZ,4,Final Project,94,,,,,,,,,,,,,,,,,,,,,,,,,,,,,,,,,
MvygDkC5GZ,4,Assignment1,44,,,,,,,,,,,,,,,,,,,,,,,,,,,,,,,,,
MvygDkC5GZ,4,Assignment3,36,,,,,,,,,,,,,,,,,,,,,,,,,,,,,,,,,
MvygDkC5GZ,4,Assignment2,71,,,,,,,,,,,,,,,,,,,,,,,,,,,,,,,,,
nlNo3Ifie2,7,Assignment4,72,,,,,,,,,,,,,,,,,,,,,,,,,,,,,,,,,
nlNo3Ifie2,7,Assignment3,74,,,,,,,,,,,,,,,,,,,,,,,,,,,,,,,,,
nlNo3Ifie2,6,Project5,80,,,,,,,,,,,,,,,,,,,,,,,,,,,,,,,,,
nlNo3Ifie2,6,Project3,81,,,,,,,,,,,,,,,,,,,,,,,,,,,,,,,,,
nlNo3Ifie2,6,Project4,88,,,,,,,,,,,,,,,,,,,,,,,,,,,,,,,,,
nlNo3Ifie2,7,Final Exam,146,,,,,,,,,,,,,,,,,,,,,,,,,,,,,,,,,
nlNo3Ifie2,6,Final Exam,73,,,,,,,,,,,,,,,,,,,,,,,,,,,,,,,,,
nlNo3Ifie2,7,Midterm,96,,,,,,,,,,,,,,,,,,,,,,,,,,,,,,,,,
nlNo3Ifie2,6,Midterm,6,,,,,,,,,,,,,,,,,,,,,,,,,,,,,,,,,
nlNo3Ifie2,6,Project2,71,,,,,,,,,,,,,,,,,,,,,,,,,,,,,,,,,
nlNo3Ifie2,6,Project1,88,,,,,,,,,,,,,,,,,,,,,,,,,,,,,,,,,
nlNo3Ifie2,7,Assignment1,96,,,,,,,,,,,,,,,,,,,,,,,,,,,,,,,,,
nlNo3Ifie2,7,Assignment2,78,,,,,,,,,,,,,,,,,,,,,,,,,,,,,,,,,
OcbMCqoATE,5,Assignment4,77,,,,,,,,,,,,,,,,,,,,,,,,,,,,,,,,,
OcbMCqoATE,5,Assignment3,92,,,,,,,,,,,,,,,,,,,,,,,,,,,,,,,,,
OcbMCqoATE,4,Midterm1,34,,,,,,,,,,,,,,,,,,,,,,,,,,,,,,,,,
OcbMCqoATE,4,Assignment5,23,,,,,,,,,,,,,,,,,,,,,,,,,,,,,,,,,
OcbMCqoATE,4,Assignment4,56,,,,,,,,,,,,,,,,,,,,,,,,,,,,,,,,,
OcbMCqoATE,4,Final Exam,71,,,,,,,,,,,,,,,,,,,,,,,,,,,,,,,,,
OcbMCqoATE,5,Final Exam,57,,,,,,,,,,,,,,,,,,,,,,,,,,,,,,,,,
OcbMCqoATE,5,Midterm,82,,,,,,,,,,,,,,,,,,,,,,,,,,,,,,,,,
OcbMCqoATE,4,Midterm2,60,,,,,,,,,,,,,,,,,,,,,,,,,,,,,,,,,
OcbMCqoATE,4,Bonus Quiz,0,,,,,,,,,,,,,,,,,,,,,,,,,,,,,,,,,
OcbMCqoATE,4,Final Project,80,,,,,,,,,,,,,,,,,,,,,,,,,,,,,,,,,
OcbMCqoATE,4,Assignment1,35,,,,,,,,,,,,,,,,,,,,,,,,,,,,,,,,,
OcbMCqoATE,4,Assignment3,59,,,,,,,,,,,,,,,,,,,,,,,,,,,,,,,,,
OcbMCqoATE,4,Assignment2,93,,,,,,,,,,,,,,,,,,,,,,,,,,,,,,,,,
OcbMCqoATE,5,Assignment1,47,,,,,,,,,,,,,,,,,,,,,,,,,,,,,,,,,
OcbMCqoATE,5,Assignment2,78,,,,,,,,,,,,,,,,,,,,,,,,,,,,,,,,,
OhfDW5FQet,7,Assignment4,80,,,,,,,,,,,,,,,,,,,,,,,,,,,,,,,,,
OhfDW5FQet,7,Assignment3,79,,,,,,,,,,,,,,,,,,,,,,,,,,,,,,,,,
OhfDW5FQet,6,Project5,87,,,,,,,,,,,,,,,,,,,,,,,,,,,,,,,,,
OhfDW5FQet,6,Project3,84,,,,,,,,,,,,,,,,,,,,,,,,,,,,,,,,,
OhfDW5FQet,6,Project4,61,,,,,,,,,,,,,,,,,,,,,,,,,,,,,,,,,
OhfDW5FQet,7,Final Exam,105,,,,,,,,,,,,,,,,,,,,,,,,,,,,,,,,,
OhfDW5FQet,6,Final Exam,90,,,,,,,,,,,,,,,,,,,,,,,,,,,,,,,,,
OhfDW5FQet,7,Midterm,68,,,,,,,,,,,,,,,,,,,,,,,,,,,,,,,,,
OhfDW5FQet,6,Midterm,27,,,,,,,,,,,,,,,,,,,,,,,,,,,,,,,,,
OhfDW5FQet,6,Project2,77,,,,,,,,,,,,,,,,,,,,,,,,,,,,,,,,,
OhfDW5FQet,6,Project1,79,,,,,,,,,,,,,,,,,,,,,,,,,,,,,,,,,
OhfDW5FQet,7,Assignment1,96,,,,,,,,,,,,,,,,,,,,,,,,,,,,,,,,,
OhfDW5FQet,7,Assignment2,96,,,,,,,,,,,,,,,,,,,,,,,,,,,,,,,,,
Oojd410rxz,8,Assignment6,-1,,,,,,,,,,,,,,,,,,,,,,,,,,,,,,,,,
Oojd410rxz,8,Assignment4,81,,,,,,,,,,,,,,,,,,,,,,,,,,,,,,,,,
Oojd410rxz,8,Assignment5,-1,,,,,,,,,,,,,,,,,,,,,,,,,,,,,,,,,
Oojd410rxz,8,Midterm,50,,,,,,,,,,,,,,,,,,,,,,,,,,,,,,,,,
Oojd410rxz,8,Assignment3,69,,,,,,,,,,,,,,,,,,,,,,,,,,,,,,,,,
Oojd410rxz,8,Assignment2,95,,,,,,,,,,,,,,,,,,,,,,,,,,,,,,,,,
Oojd410rxz,8,Assignment1,79,,,,,,,,,,,,,,,,,,,,,,,,,,,,,,,Final Exam,12/15/21 15:00,100
Oojd410rxz,8,Final Exam,-1,,,,,,,,,,,,,,,,,,,,,,,,,,,,,,,,,
P80TDV5kec,5,Assignment4,56,,,,,,,,,,,,,,,,,,,,,,,,,,,,,,,,,
P80TDV5kec,5,Assignment3,53,,,,,,,,,,,,,,,,,,,,,,,,,,,,,,,,,
P80TDV5kec,4,Midterm1,49,,,,,,,,,,,,,,,,,,,,,,,,,,,,,,,,,
P80TDV5kec,4,Assignment5,30,,,,,,,,,,,,,,,,,,,,,,,,,,,,,,,,,
P80TDV5kec,4,Assignment4,64,,,,,,,,,,,,,,,,,,,,,,,,,,,,,,,,,
P80TDV5kec,4,Final Exam,77,,,,,,,,,,,,,,,,,,,,,,,,,,,,,,,,,
P80TDV5kec,5,Final Exam,142,,,,,,,,,,,,,,,,,,,,,,,,,,,,,,,,,
P80TDV5kec,5,Midterm,67,,,,,,,,,,,,,,,,,,,,,,,,,,,,,,,,,
P80TDV5kec,4,Midterm2,46,,,,,,,,,,,,,,,,,,,,,,,,,,,,,,,,,
P80TDV5kec,4,Bonus Quiz,6,,,,,,,,,,,,,,,,,,,,,,,,,,,,,,,,,
P80TDV5kec,4,Final Project,39,,,,,,,,,,,,,,,,,,,,,,,,,,,,,,,,,
P80TDV5kec,4,Assignment1,69,,,,,,,,,,,,,,,,,,,,,,,,,,,,,,,,,
P80TDV5kec,4,Assignment3,55,,,,,,,,,,,,,,,,,,,,,,,,,,,,,,,,,
P80TDV5kec,4,Assignment2,100,,,,,,,,,,,,,,,,,,,,,,,,,,,,,,,,,
P80TDV5kec,5,Assignment1,80,,,,,,,,,,,,,,,,,,,,,,,,,,,,,,,,,
P80TDV5kec,5,Assignment2,57,,,,,,,,,,,,,,,,,,,,,,,,,,,,,,,,,
pAA8hhbaAf,7,Assignment4,59,,,,,,,,,,,,,,,,,,,,,,,,,,,,,,,,,
pAA8hhbaAf,7,Assignment3,49,,,,,,,,,,,,,,,,,,,,,,,,,,,,,,,,,
pAA8hhbaAf,6,Project5,92,,,,,,,,,,,,,,,,,,,,,,,,,,,,,,,,,
pAA8hhbaAf,6,Project3,99,,,,,,,,,,,,,,,,,,,,,,,,,,,,,,,,,
pAA8hhbaAf,6,Project4,71,,,,,,,,,,,,,,,,,,,,,,,,,,,,,,,,,
pAA8hhbaAf,7,Final Exam,115,,,,,,,,,,,,,,,,,,,,,,,,,,,,,,,,,
pAA8hhbaAf,6,Final Exam,88,,,,,,,,,,,,,,,,,,,,,,,,,,,,,,,,,
pAA8hhbaAf,7,Midterm,81,,,,,,,,,,,,,,,,,,,,,,,,,,,,,,,,,
pAA8hhbaAf,6,Midterm,7,,,,,,,,,,,,,,,,,,,,,,,,,,,,,,,,,
pAA8hhbaAf,6,Project2,75,,,,,,,,,,,,,,,,,,,,,,,,,,,,,,,,,
pAA8hhbaAf,6,Project1,45,,,,,,,,,,,,,,,,,,,,,,,,,,,,,,,,,
pAA8hhbaAf,7,Assignment1,48,,,,,,,,,,,,,,,,,,,,,,,,,,,,,,,,,
pAA8hhbaAf,7,Assignment2,90,,,,,,,,,,,,,,,,,,,,,,,,,,,,,,,,,
piajOfWMIT,6,Project5,93,,,,,,,,,,,,,,,,,,,,,,,,,,,,,,,,,
piajOfWMIT,6,Project3,86,,,,,,,,,,,,,,,,,,,,,,,,,,,,,,,,,
piajOfWMIT,6,Project4,99,,,,,,,,,,,,,,,,,,,,,,,,,,,,,,,,,
piajOfWMIT,6,Final Exam,109,,,,,,,,,,,,,,,,,,,,,,,,,,,,,,,,,
piajOfWMIT,6,Midterm,27,,,,,,,,,,,,,,,,,,,,,,,,,,,,,,,,,
piajOfWMIT,6,Project2,68,,,,,,,,,,,,,,,,,,,,,,,,,,,,,,,,,
piajOfWMIT,6,Project1,61,,,,,,,,,,,,,,,,,,,,,,,,,,,,,,,,,
PiQvBSPut9,5,Assignment4,59,,,,,,,,,,,,,,,,,,,,,,,,,,,,,,,,,
PiQvBSPut9,5,Assignment3,78,,,,,,,,,,,,,,,,,,,,,,,,,,,,,,,,,
PiQvBSPut9,4,Midterm1,30,,,,,,,,,,,,,,,,,,,,,,,,,,,,,,,,,
PiQvBSPut9,4,Assignment5,56,,,,,,,,,,,,,,,,,,,,,,,,,,,,,,,,,
PiQvBSPut9,4,Assignment4,67,,,,,,,,,,,,,,,,,,,,,,,,,,,,,,,,,
PiQvBSPut9,4,Final Exam,53,,,,,,,,,,,,,,,,,,,,,,,,,,,,,,,,,
PiQvBSPut9,5,Final Exam,114,,,,,,,,,,,,,,,,,,,,,,,,,,,,,,,,,
PiQvBSPut9,5,Midterm,71,,,,,,,,,,,,,,,,,,,,,,,,,,,,,,,,,
PiQvBSPut9,4,Midterm2,26,,,,,,,,,,,,,,,,,,,,,,,,,,,,,,,,,
PiQvBSPut9,4,Bonus Quiz,6,,,,,,,,,,,,,,,,,,,,,,,,,,,,,,,,,
PiQvBSPut9,4,Final Project,120,,,,,,,,,,,,,,,,,,,,,,,,,,,,,,,,,
PiQvBSPut9,4,Assignment1,70,,,,,,,,,,,,,,,,,,,,,,,,,,,,,,,,,
PiQvBSPut9,4,Assignment3,66,,,,,,,,,,,,,,,,,,,,,,,,,,,,,,,,,
PiQvBSPut9,4,Assignment2,91,,,,,,,,,,,,,,,,,,,,,,,,,,,,,,,,,
PiQvBSPut9,5,Assignment1,94,,,,,,,,,,,,,,,,,,,,,,,,,,,,,,,,,
PiQvBSPut9,5,Assignment2,70,,,,,,,,,,,,,,,,,,,,,,,,,,,,,,,,,
pSE2USVUGe,5,Assignment4,51,,,,,,,,,,,,,,,,,,,,,,,,,,,,,,,,,
pSE2USVUGe,5,Assignment3,96,,,,,,,,,,,,,,,,,,,,,,,,,,,,,,,,,
pSE2USVUGe,4,Midterm1,36,,,,,,,,,,,,,,,,,,,,,,,,,,,,,,,,,
pSE2USVUGe,4,Assignment5,53,,,,,,,,,,,,,,,,,,,,,,,,,,,,,,,,,
pSE2USVUGe,4,Assignment4,67,,,,,,,,,,,,,,,,,,,,,,,,,,,,,,,,,
pSE2USVUGe,4,Final Exam,77,,,,,,,,,,,,,,,,,,,,,,,,,,,,,,,,,
pSE2USVUGe,5,Final Exam,85,,,,,,,,,,,,,,,,,,,,,,,,,,,,,,,,,
pSE2USVUGe,5,Midterm,70,,,,,,,,,,,,,,,,,,,,,,,,,,,,,,,,,
pSE2USVUGe,4,Midterm2,34,,,,,,,,,,,,,,,,,,,,,,,,,,,,,,,,,
pSE2USVUGe,4,Bonus Quiz,4,,,,,,,,,,,,,,,,,,,,,,,,,,,,,,,,,
pSE2USVUGe,4,Final Project,105,,,,,,,,,,,,,,,,,,,,,,,,,,,,,,,,,
pSE2USVUGe,4,Assignment1,73,,,,,,,,,,,,,,,,,,,,,,,,,,,,,,,,,
pSE2USVUGe,4,Assignment3,88,,,,,,,,,,,,,,,,,,,,,,,,,,,,,,,,,
pSE2USVUGe,4,Assignment2,52,,,,,,,,,,,,,,,,,,,,,,,,,,,,,,,,,
pSE2USVUGe,5,Assignment1,53,,,,,,,,,,,,,,,,,,,,,,,,,,,,,,,,,
pSE2USVUGe,5,Assignment2,47,,,,,,,,,,,,,,,,,,,,,,,,,,,,,,,,,
q24FfeogSR,9,Assignment5,-1,,,,,,,,,,,,,,,,,,,,,,,,,,,,,,,,,
q24FfeogSR,9,Final Project,-1,,,,,,,,,,,,,,,,,,,,,,,,,,,,,,,,,
q24FfeogSR,9,Assignment3,87,,,,,,,,,,,,,,,,,,,,,,,,,,,,,,,,,
q24FfeogSR,9,Assignment4,40,,,,,,,,,,,,,,,,,,,,,,,,,,,,,,,,,
q24FfeogSR,9,Assignment2,86,,,,,,,,,,,,,,,,,,,,,,,,,,,,,,,,,
q24FfeogSR,6,Project5,53,,,,,,,,,,,,,,,,,,,,,,,,,,,,,,,,,
q24FfeogSR,6,Project3,56,,,,,,,,,,,,,,,,,,,,,,,,,,,,,,,,,
q24FfeogSR,6,Project4,86,,,,,,,,,,,,,,,,,,,,,,,,,,,,,,,,,
q24FfeogSR,9,Midterm,45,,,,,,,,,,,,,,,,,,,,,,,,,,,,,,,,,
q24FfeogSR,6,Final Exam,108,,,,,,,,,,,,,,,,,,,,,,,,,,,,,,,,,
q24FfeogSR,6,Midterm,32,,,,,,,,,,,,,,,,,,,,,,,,,,,,,,,,,
q24FfeogSR,6,Project2,98,,,,,,,,,,,,,,,,,,,,,,,,,,,,,,,,,
q24FfeogSR,6,Project1,75,,,,,,,,,,,,,,,,,,,,,,,,,,,,,,,,,
q24FfeogSR,9,Assignment1,98,,,,,,,,,,,,,,,,,,,,,,,,,,,,,,,Final Exam,12/15/21 8:00,200
q24FfeogSR,9,Final Exam,-1,,,,,,,,,,,,,,,,,,,,,,,,,,,,,,,,,
Q5zYQSo07T,3,Homework5,76,,,,,,,,,,,,,,,,,,,,,,,,,,,,,,,,,
Q5zYQSo07T,3,Homework4,67,,,,,,,,,,,,,,,,,,,,,,,,,,,,,,,,,
Q5zYQSo07T,3,Homework1,78,,,,,,,,,,,,,,,,,,,,,,,,,,,,,,,,,
Q5zYQSo07T,3,Homework2,78,,,,,,,,,,,,,,,,,,,,,,,,,,,,,,,,,
Q5zYQSo07T,3,Homework7,53,,,,,,,,,,,,,,,,,,,,,,,,,,,,,,,,,
Q5zYQSo07T,3,Final Exam,66,,,,,,,,,,,,,,,,,,,,,,,,,,,,,,,,,
Q5zYQSo07T,1,Midterm1,30,,,,,,,,,,,,,,,,,,,,,,,,,,,,,,,,,
Q5zYQSo07T,3,Homework3,83,,,,,,,,,,,,,,,,,,,,,,,,,,,,,,,,,
Q5zYQSo07T,1,Assignment5,62,,,,,,,,,,,,,,,,,,,,,,,,,,,,,,,,,
Q5zYQSo07T,1,Assignment4,77,,,,,,,,,,,,,,,,,,,,,,,,,,,,,,,,,
Q5zYQSo07T,1,Final Exam,70,,,,,,,,,,,,,,,,,,,,,,,,,,,,,,,,,
Q5zYQSo07T,3,Midterm,93,,,,,,,,,,,,,,,,,,,,,,,,,,,,,,,,,
Q5zYQSo07T,3,Homework8,91,,,,,,,,,,,,,,,,,,,,,,,,,,,,,,,,,
Q5zYQSo07T,1,Midterm2,47,,,,,,,,,,,,,,,,,,,,,,,,,,,,,,,,,
Q5zYQSo07T,1,Bonus Quiz,3,,,,,,,,,,,,,,,,,,,,,,,,,,,,,,,,,
Q5zYQSo07T,1,Final Project,91,,,,,,,,,,,,,,,,,,,,,,,,,,,,,,,,,
Q5zYQSo07T,1,Assignment1,73,,,,,,,,,,,,,,,,,,,,,,,,,,,,,,,,,
Q5zYQSo07T,1,Assignment3,40,,,,,,,,,,,,,,,,,,,,,,,,,,,,,,,,,
Q5zYQSo07T,1,Assignment2,82,,,,,,,,,,,,,,,,,,,,,,,,,,,,,,,,,
Q5zYQSo07T,3,Homework6,43,,,,,,,,,,,,,,,,,,,,,,,,,,,,,,,,,
qBhsb9AT1D,8,Assignment6,-1,,,,,,,,,,,,,,,,,,,,,,,,,,,,,,,,,
qBhsb9AT1D,8,Assignment4,82,,,,,,,,,,,,,,,,,,,,,,,,,,,,,,,,,
qBhsb9AT1D,8,Assignment5,-1,,,,,,,,,,,,,,,,,,,,,,,,,,,,,,,,,
qBhsb9AT1D,8,Midterm,30,,,,,,,,,,,,,,,,,,,,,,,,,,,,,,,,,
qBhsb9AT1D,8,Assignment3,97,,,,,,,,,,,,,,,,,,,,,,,,,,,,,,,,,
qBhsb9AT1D,8,Assignment2,73,,,,,,,,,,,,,,,,,,,,,,,,,,,,,,,,,
qBhsb9AT1D,8,Assignment1,73,,,,,,,,,,,,,,,,,,,,,,,,,,,,,,,Final Exam,12/15/21 15:00,100
qBhsb9AT1D,8,Final Exam,-1,,,,,,,,,,,,,,,,,,,,,,,,,,,,,,,,,
qjAClhRo8T,7,Assignment4,62,,,,,,,,,,,,,,,,,,,,,,,,,,,,,,,,,
qjAClhRo8T,7,Assignment3,76,,,,,,,,,,,,,,,,,,,,,,,,,,,,,,,,,
qjAClhRo8T,6,Project5,92,,,,,,,,,,,,,,,,,,,,,,,,,,,,,,,,,
qjAClhRo8T,6,Project3,60,,,,,,,,,,,,,,,,,,,,,,,,,,,,,,,,,
qjAClhRo8T,6,Project4,75,,,,,,,,,,,,,,,,,,,,,,,,,,,,,,,,,
qjAClhRo8T,7,Final Exam,93,,,,,,,,,,,,,,,,,,,,,,,,,,,,,,,,,
qjAClhRo8T,6,Final Exam,81,,,,,,,,,,,,,,,,,,,,,,,,,,,,,,,,,
qjAClhRo8T,7,Midterm,46,,,,,,,,,,,,,,,,,,,,,,,,,,,,,,,,,
qjAClhRo8T,6,Midterm,16,,,,,,,,,,,,,,,,,,,,,,,,,,,,,,,,,
qjAClhRo8T,6,Project2,66,,,,,,,,,,,,,,,,,,,,,,,,,,,,,,,,,
qjAClhRo8T,6,Project1,86,,,,,,,,,,,,,,,,,,,,,,,,,,,,,,,,,
qjAClhRo8T,7,Assignment1,47,,,,,,,,,,,,,,,,,,,,,,,,,,,,,,,,,
qjAClhRo8T,7,Assignment2,58,,,,,,,,,,,,,,,,,,,,,,,,,,,,,,,,,
QrcaEXMLnx,4,Midterm1,56,,,,,,,,,,,,,,,,,,,,,,,,,,,,,,,,,
QrcaEXMLnx,4,Assignment5,36,,,,,,,,,,,,,,,,,,,,,,,,,,,,,,,,,
QrcaEXMLnx,4,Assignment4,55,,,,,,,,,,,,,,,,,,,,,,,,,,,,,,,,,
QrcaEXMLnx,4,Final Exam,52,,,,,,,,,,,,,,,,,,,,,,,,,,,,,,,,,
QrcaEXMLnx,4,Midterm2,48,,,,,,,,,,,,,,,,,,,,,,,,,,,,,,,,,
QrcaEXMLnx,4,Bonus Quiz,7,,,,,,,,,,,,,,,,,,,,,,,,,,,,,,,,,
QrcaEXMLnx,4,Final Project,40,,,,,,,,,,,,,,,,,,,,,,,,,,,,,,,,,
QrcaEXMLnx,4,Assignment1,89,,,,,,,,,,,,,,,,,,,,,,,,,,,,,,,,,
QrcaEXMLnx,4,Assignment3,76,,,,,,,,,,,,,,,,,,,,,,,,,,,,,,,,,
QrcaEXMLnx,4,Assignment2,95,,,,,,,,,,,,,,,,,,,,,,,,,,,,,,,,,
qSaWq5Khmt,3,Homework5,30,,,,,,,,,,,,,,,,,,,,,,,,,,,,,,,,,
qSaWq5Khmt,3,Homework4,45,,,,,,,,,,,,,,,,,,,,,,,,,,,,,,,,,
qSaWq5Khmt,3,Homework1,59,,,,,,,,,,,,,,,,,,,,,,,,,,,,,,,,,
qSaWq5Khmt,3,Homework2,52,,,,,,,,,,,,,,,,,,,,,,,,,,,,,,,,,
qSaWq5Khmt,3,Homework7,44,,,,,,,,,,,,,,,,,,,,,,,,,,,,,,,,,
qSaWq5Khmt,3,Final Exam,44,,,,,,,,,,,,,,,,,,,,,,,,,,,,,,,,,
qSaWq5Khmt,2,Midterm1,29,,,,,,,,,,,,,,,,,,,,,,,,,,,,,,,,,
qSaWq5Khmt,3,Homework3,42,,,,,,,,,,,,,,,,,,,,,,,,,,,,,,,,,
qSaWq5Khmt,2,Assignment5,77,,,,,,,,,,,,,,,,,,,,,,,,,,,,,,,,,
qSaWq5Khmt,2,Assignment4,50,,,,,,,,,,,,,,,,,,,,,,,,,,,,,,,,,
qSaWq5Khmt,2,Final Exam,49,,,,,,,,,,,,,,,,,,,,,,,,,,,,,,,,,
qSaWq5Khmt,3,Midterm,64,,,,,,,,,,,,,,,,,,,,,,,,,,,,,,,,,
qSaWq5Khmt,3,Homework8,68,,,,,,,,,,,,,,,,,,,,,,,,,,,,,,,,,
qSaWq5Khmt,2,Midterm2,59,,,,,,,,,,,,,,,,,,,,,,,,,,,,,,,,,
qSaWq5Khmt,2,Bonus Quiz,6,,,,,,,,,,,,,,,,,,,,,,,,,,,,,,,,,
qSaWq5Khmt,2,Final Project,149,,,,,,,,,,,,,,,,,,,,,,,,,,,,,,,,,
qSaWq5Khmt,2,Assignment1,78,,,,,,,,,,,,,,,,,,,,,,,,,,,,,,,,,
qSaWq5Khmt,2,Assignment3,68,,,,,,,,,,,,,,,,,,,,,,,,,,,,,,,,,
qSaWq5Khmt,2,Assignment2,90,,,,,,,,,,,,,,,,,,,,,,,,,,,,,,,,,
qSaWq5Khmt,3,Homework6,74,,,,,,,,,,,,,,,,,,,,,,,,,,,,,,,,,
QVsfnLS8nP,7,Assignment4,82,,,,,,,,,,,,,,,,,,,,,,,,,,,,,,,,,
QVsfnLS8nP,7,Assignment3,80,,,,,,,,,,,,,,,,,,,,,,,,,,,,,,,,,
QVsfnLS8nP,6,Project5,93,,,,,,,,,,,,,,,,,,,,,,,,,,,,,,,,,
QVsfnLS8nP,6,Project3,92,,,,,,,,,,,,,,,,,,,,,,,,,,,,,,,,,
QVsfnLS8nP,6,Project4,99,,,,,,,,,,,,,,,,,,,,,,,,,,,,,,,,,
QVsfnLS8nP,7,Final Exam,67,,,,,,,,,,,,,,,,,,,,,,,,,,,,,,,,,
QVsfnLS8nP,6,Final Exam,119,,,,,,,,,,,,,,,,,,,,,,,,,,,,,,,,,
QVsfnLS8nP,7,Midterm,54,,,,,,,,,,,,,,,,,,,,,,,,,,,,,,,,,
QVsfnLS8nP,6,Midterm,29,,,,,,,,,,,,,,,,,,,,,,,,,,,,,,,,,
QVsfnLS8nP,6,Project2,71,,,,,,,,,,,,,,,,,,,,,,,,,,,,,,,,,
QVsfnLS8nP,6,Project1,96,,,,,,,,,,,,,,,,,,,,,,,,,,,,,,,,,
QVsfnLS8nP,7,Assignment1,61,,,,,,,,,,,,,,,,,,,,,,,,,,,,,,,,,
QVsfnLS8nP,7,Assignment2,70,,,,,,,,,,,,,,,,,,,,,,,,,,,,,,,,,
RCkC4TjYNZ,8,Assignment6,-1,,,,,,,,,,,,,,,,,,,,,,,,,,,,,,,,,
RCkC4TjYNZ,8,Assignment4,50,,,,,,,,,,,,,,,,,,,,,,,,,,,,,,,,,
RCkC4TjYNZ,8,Assignment5,-1,,,,,,,,,,,,,,,,,,,,,,,,,,,,,,,,,
RCkC4TjYNZ,8,Midterm,28,,,,,,,,,,,,,,,,,,,,,,,,,,,,,,,,,
RCkC4TjYNZ,8,Assignment3,92,,,,,,,,,,,,,,,,,,,,,,,,,,,,,,,,,
RCkC4TjYNZ,8,Assignment2,83,,,,,,,,,,,,,,,,,,,,,,,,,,,,,,,,,
RCkC4TjYNZ,8,Assignment1,87,,,,,,,,,,,,,,,,,,,,,,,,,,,,,,,Final Exam,12/15/21 15:00,100
RCkC4TjYNZ,8,Final Exam,-1,,,,,,,,,,,,,,,,,,,,,,,,,,,,,,,,,
Rjuqf7P3nX,3,Homework5,54,,,,,,,,,,,,,,,,,,,,,,,,,,,,,,,,,
Rjuqf7P3nX,3,Homework4,74,,,,,,,,,,,,,,,,,,,,,,,,,,,,,,,,,
Rjuqf7P3nX,3,Homework1,100,,,,,,,,,,,,,,,,,,,,,,,,,,,,,,,,,
Rjuqf7P3nX,3,Homework2,92,,,,,,,,,,,,,,,,,,,,,,,,,,,,,,,,,
Rjuqf7P3nX,3,Homework7,85,,,,,,,,,,,,,,,,,,,,,,,,,,,,,,,,,
Rjuqf7P3nX,3,Final Exam,59,,,,,,,,,,,,,,,,,,,,,,,,,,,,,,,,,
Rjuqf7P3nX,1,Midterm1,24,,,,,,,,,,,,,,,,,,,,,,,,,,,,,,,,,
Rjuqf7P3nX,3,Homework3,86,,,,,,,,,,,,,,,,,,,,,,,,,,,,,,,,,
Rjuqf7P3nX,1,Assignment5,73,,,,,,,,,,,,,,,,,,,,,,,,,,,,,,,,,
Rjuqf7P3nX,1,Assignment4,67,,,,,,,,,,,,,,,,,,,,,,,,,,,,,,,,,
Rjuqf7P3nX,1,Final Exam,90,,,,,,,,,,,,,,,,,,,,,,,,,,,,,,,,,
Rjuqf7P3nX,3,Midterm,78,,,,,,,,,,,,,,,,,,,,,,,,,,,,,,,,,
Rjuqf7P3nX,3,Homework8,67,,,,,,,,,,,,,,,,,,,,,,,,,,,,,,,,,
Rjuqf7P3nX,1,Midterm2,28,,,,,,,,,,,,,,,,,,,,,,,,,,,,,,,,,
Rjuqf7P3nX,1,Bonus Quiz,8,,,,,,,,,,,,,,,,,,,,,,,,,,,,,,,,,
Rjuqf7P3nX,1,Final Project,126,,,,,,,,,,,,,,,,,,,,,,,,,,,,,,,,,
Rjuqf7P3nX,1,Assignment1,96,,,,,,,,,,,,,,,,,,,,,,,,,,,,,,,,,
Rjuqf7P3nX,1,Assignment3,94,,,,,,,,,,,,,,,,,,,,,,,,,,,,,,,,,
Rjuqf7P3nX,1,Assignment2,71,,,,,,,,,,,,,,,,,,,,,,,,,,,,,,,,,
Rjuqf7P3nX,3,Homework6,58,,,,,,,,,,,,,,,,,,,,,,,,,,,,,,,,,
rRMSF0EH7d,2,Midterm1,48,,,,,,,,,,,,,,,,,,,,,,,,,,,,,,,,,
rRMSF0EH7d,2,Assignment5,83,,,,,,,,,,,,,,,,,,,,,,,,,,,,,,,,,
rRMSF0EH7d,2,Assignment4,64,,,,,,,,,,,,,,,,,,,,,,,,,,,,,,,,,
rRMSF0EH7d,2,Final Exam,78,,,,,,,,,,,,,,,,,,,,,,,,,,,,,,,,,
rRMSF0EH7d,2,Midterm2,28,,,,,,,,,,,,,,,,,,,,,,,,,,,,,,,,,
rRMSF0EH7d,2,Bonus Quiz,1,,,,,,,,,,,,,,,,,,,,,,,,,,,,,,,,,
rRMSF0EH7d,2,Final Project,42,,,,,,,,,,,,,,,,,,,,,,,,,,,,,,,,,
rRMSF0EH7d,2,Assignment1,71,,,,,,,,,,,,,,,,,,,,,,,,,,,,,,,,,
rRMSF0EH7d,2,Assignment3,68,,,,,,,,,,,,,,,,,,,,,,,,,,,,,,,,,
rRMSF0EH7d,2,Assignment2,75,,,,,,,,,,,,,,,,,,,,,,,,,,,,,,,,,
RtDWbzvtoo,9,Assignment5,-1,,,,,,,,,,,,,,,,,,,,,,,,,,,,,,,,,
RtDWbzvtoo,9,Final Project,-1,,,,,,,,,,,,,,,,,,,,,,,,,,,,,,,,,
RtDWbzvtoo,9,Assignment3,46,,,,,,,,,,,,,,,,,,,,,,,,,,,,,,,,,
RtDWbzvtoo,9,Assignment4,60,,,,,,,,,,,,,,,,,,,,,,,,,,,,,,,,,
RtDWbzvtoo,9,Assignment2,34,,,,,,,,,,,,,,,,,,,,,,,,,,,,,,,,,
RtDWbzvtoo,6,Project5,46,,,,,,,,,,,,,,,,,,,,,,,,,,,,,,,,,
RtDWbzvtoo,6,Project3,78,,,,,,,,,,,,,,,,,,,,,,,,,,,,,,,,,
RtDWbzvtoo,6,Project4,89,,,,,,,,,,,,,,,,,,,,,,,,,,,,,,,,,
RtDWbzvtoo,9,Midterm,100,,,,,,,,,,,,,,,,,,,,,,,,,,,,,,,,,
RtDWbzvtoo,6,Final Exam,80,,,,,,,,,,,,,,,,,,,,,,,,,,,,,,,,,
RtDWbzvtoo,6,Midterm,50,,,,,,,,,,,,,,,,,,,,,,,,,,,,,,,,,
RtDWbzvtoo,6,Project2,55,,,,,,,,,,,,,,,,,,,,,,,,,,,,,,,,,
RtDWbzvtoo,6,Project1,64,,,,,,,,,,,,,,,,,,,,,,,,,,,,,,,,,
RtDWbzvtoo,9,Assignment1,98,,,,,,,,,,,,,,,,,,,,,,,,,,,,,,,Final Exam,12/15/21 8:00,200
RtDWbzvtoo,9,Final Exam,-1,,,,,,,,,,,,,,,,,,,,,,,,,,,,,,,,,
RwKSObZt8b,7,Assignment4,73,,,,,,,,,,,,,,,,,,,,,,,,,,,,,,,,,
RwKSObZt8b,7,Assignment3,100,,,,,,,,,,,,,,,,,,,,,,,,,,,,,,,,,
RwKSObZt8b,6,Project5,77,,,,,,,,,,,,,,,,,,,,,,,,,,,,,,,,,
RwKSObZt8b,6,Project3,82,,,,,,,,,,,,,,,,,,,,,,,,,,,,,,,,,
RwKSObZt8b,6,Project4,60,,,,,,,,,,,,,,,,,,,,,,,,,,,,,,,,,
RwKSObZt8b,7,Final Exam,120,,,,,,,,,,,,,,,,,,,,,,,,,,,,,,,,,
RwKSObZt8b,6,Final Exam,95,,,,,,,,,,,,,,,,,,,,,,,,,,,,,,,,,
RwKSObZt8b,7,Midterm,93,,,,,,,,,,,,,,,,,,,,,,,,,,,,,,,,,
RwKSObZt8b,6,Midterm,44,,,,,,,,,,,,,,,,,,,,,,,,,,,,,,,,,
RwKSObZt8b,6,Project2,60,,,,,,,,,,,,,,,,,,,,,,,,,,,,,,,,,
RwKSObZt8b,6,Project1,96,,,,,,,,,,,,,,,,,,,,,,,,,,,,,,,,,
RwKSObZt8b,7,Assignment1,80,,,,,,,,,,,,,,,,,,,,,,,,,,,,,,,,,
RwKSObZt8b,7,Assignment2,99,,,,,,,,,,,,,,,,,,,,,,,,,,,,,,,,,
RxNqRHaaoI,7,Assignment4,94,,,,,,,,,,,,,,,,,,,,,,,,,,,,,,,,,
RxNqRHaaoI,7,Assignment3,79,,,,,,,,,,,,,,,,,,,,,,,,,,,,,,,,,
RxNqRHaaoI,6,Project5,58,,,,,,,,,,,,,,,,,,,,,,,,,,,,,,,,,
RxNqRHaaoI,6,Project3,67,,,,,,,,,,,,,,,,,,,,,,,,,,,,,,,,,
RxNqRHaaoI,6,Project4,53,,,,,,,,,,,,,,,,,,,,,,,,,,,,,,,,,
RxNqRHaaoI,7,Final Exam,134,,,,,,,,,,,,,,,,,,,,,,,,,,,,,,,,,
RxNqRHaaoI,6,Final Exam,44,,,,,,,,,,,,,,,,,,,,,,,,,,,,,,,,,
RxNqRHaaoI,7,Midterm,86,,,,,,,,,,,,,,,,,,,,,,,,,,,,,,,,,
RxNqRHaaoI,6,Midterm,35,,,,,,,,,,,,,,,,,,,,,,,,,,,,,,,,,
RxNqRHaaoI,6,Project2,85,,,,,,,,,,,,,,,,,,,,,,,,,,,,,,,,,
RxNqRHaaoI,6,Project1,98,,,,,,,,,,,,,,,,,,,,,,,,,,,,,,,,,
RxNqRHaaoI,7,Assignment1,77,,,,,,,,,,,,,,,,,,,,,,,,,,,,,,,,,
RxNqRHaaoI,7,Assignment2,63,,,,,,,,,,,,,,,,,,,,,,,,,,,,,,,,,
s8jX7v1r9L,3,Homework5,98,,,,,,,,,,,,,,,,,,,,,,,,,,,,,,,,,
s8jX7v1r9L,3,Homework4,39,,,,,,,,,,,,,,,,,,,,,,,,,,,,,,,,,
s8jX7v1r9L,3,Homework1,77,,,,,,,,,,,,,,,,,,,,,,,,,,,,,,,,,
s8jX7v1r9L,3,Homework2,88,,,,,,,,,,,,,,,,,,,,,,,,,,,,,,,,,
s8jX7v1r9L,3,Homework7,84,,,,,,,,,,,,,,,,,,,,,,,,,,,,,,,,,
s8jX7v1r9L,3,Final Exam,52,,,,,,,,,,,,,,,,,,,,,,,,,,,,,,,,,
s8jX7v1r9L,2,Midterm1,21,,,,,,,,,,,,,,,,,,,,,,,,,,,,,,,,,
s8jX7v1r9L,3,Homework3,49,,,,,,,,,,,,,,,,,,,,,,,,,,,,,,,,,
s8jX7v1r9L,2,Assignment5,76,,,,,,,,,,,,,,,,,,,,,,,,,,,,,,,,,
s8jX7v1r9L,2,Assignment4,35,,,,,,,,,,,,,,,,,,,,,,,,,,,,,,,,,
s8jX7v1r9L,2,Final Exam,58,,,,,,,,,,,,,,,,,,,,,,,,,,,,,,,,,
s8jX7v1r9L,3,Midterm,91,,,,,,,,,,,,,,,,,,,,,,,,,,,,,,,,,
s8jX7v1r9L,3,Homework8,27,,,,,,,,,,,,,,,,,,,,,,,,,,,,,,,,,
s8jX7v1r9L,2,Midterm2,36,,,,,,,,,,,,,,,,,,,,,,,,,,,,,,,,,
s8jX7v1r9L,2,Bonus Quiz,1,,,,,,,,,,,,,,,,,,,,,,,,,,,,,,,,,
s8jX7v1r9L,2,Final Project,120,,,,,,,,,,,,,,,,,,,,,,,,,,,,,,,,,
s8jX7v1r9L,2,Assignment1,80,,,,,,,,,,,,,,,,,,,,,,,,,,,,,,,,,
s8jX7v1r9L,2,Assignment3,64,,,,,,,,,,,,,,,,,,,,,,,,,,,,,,,,,
s8jX7v1r9L,2,Assignment2,46,,,,,,,,,,,,,,,,,,,,,,,,,,,,,,,,,
s8jX7v1r9L,3,Homework6,65,,,,,,,,,,,,,,,,,,,,,,,,,,,,,,,,,
SGDgfAoZn8,8,Assignment6,-1,,,,,,,,,,,,,,,,,,,,,,,,,,,,,,,,,
SGDgfAoZn8,8,Assignment4,43,,,,,,,,,,,,,,,,,,,,,,,,,,,,,,,,,
SGDgfAoZn8,8,Assignment5,-1,,,,,,,,,,,,,,,,,,,,,,,,,,,,,,,,,
SGDgfAoZn8,8,Midterm,59,,,,,,,,,,,,,,,,,,,,,,,,,,,,,,,,,
SGDgfAoZn8,8,Assignment3,97,,,,,,,,,,,,,,,,,,,,,,,,,,,,,,,,,
SGDgfAoZn8,8,Assignment2,82,,,,,,,,,,,,,,,,,,,,,,,,,,,,,,,,,
SGDgfAoZn8,8,Assignment1,90,,,,,,,,,,,,,,,,,,,,,,,,,,,,,,,Final Exam,12/15/21 15:00,100
SGDgfAoZn8,8,Final Exam,-1,,,,,,,,,,,,,,,,,,,,,,,,,,,,,,,,,
stB2damzF1,3,Homework5,29,,,,,,,,,,,,,,,,,,,,,,,,,,,,,,,,,
stB2damzF1,3,Homework4,85,,,,,,,,,,,,,,,,,,,,,,,,,,,,,,,,,
stB2damzF1,3,Homework1,57,,,,,,,,,,,,,,,,,,,,,,,,,,,,,,,,,
stB2damzF1,3,Homework2,92,,,,,,,,,,,,,,,,,,,,,,,,,,,,,,,,,
stB2damzF1,3,Homework7,34,,,,,,,,,,,,,,,,,,,,,,,,,,,,,,,,,
stB2damzF1,3,Final Exam,38,,,,,,,,,,,,,,,,,,,,,,,,,,,,,,,,,
stB2damzF1,1,Midterm1,41,,,,,,,,,,,,,,,,,,,,,,,,,,,,,,,,,
stB2damzF1,3,Homework3,67,,,,,,,,,,,,,,,,,,,,,,,,,,,,,,,,,
stB2damzF1,1,Assignment5,22,,,,,,,,,,,,,,,,,,,,,,,,,,,,,,,,,
stB2damzF1,1,Assignment4,50,,,,,,,,,,,,,,,,,,,,,,,,,,,,,,,,,
stB2damzF1,1,Final Exam,28,,,,,,,,,,,,,,,,,,,,,,,,,,,,,,,,,
stB2damzF1,3,Midterm,88,,,,,,,,,,,,,,,,,,,,,,,,,,,,,,,,,
stB2damzF1,3,Homework8,43,,,,,,,,,,,,,,,,,,,,,,,,,,,,,,,,,
stB2damzF1,1,Midterm2,56,,,,,,,,,,,,,,,,,,,,,,,,,,,,,,,,,
stB2damzF1,1,Bonus Quiz,7,,,,,,,,,,,,,,,,,,,,,,,,,,,,,,,,,
stB2damzF1,1,Final Project,124,,,,,,,,,,,,,,,,,,,,,,,,,,,,,,,,,
stB2damzF1,1,Assignment1,94,,,,,,,,,,,,,,,,,,,,,,,,,,,,,,,,,
stB2damzF1,1,Assignment3,70,,,,,,,,,,,,,,,,,,,,,,,,,,,,,,,,,
stB2damzF1,1,Assignment2,47,,,,,,,,,,,,,,,,,,,,,,,,,,,,,,,,,
stB2damzF1,3,Homework6,54,,,,,,,,,,,,,,,,,,,,,,,,,,,,,,,,,
Sx6sqg2Av5,8,Assignment6,-1,,,,,,,,,,,,,,,,,,,,,,,,,,,,,,,,,
Sx6sqg2Av5,8,Assignment4,89,,,,,,,,,,,,,,,,,,,,,,,,,,,,,,,,,
Sx6sqg2Av5,8,Assignment5,-1,,,,,,,,,,,,,,,,,,,,,,,,,,,,,,,,,
Sx6sqg2Av5,8,Midterm,56,,,,,,,,,,,,,,,,,,,,,,,,,,,,,,,,,
Sx6sqg2Av5,8,Assignment3,46,,,,,,,,,,,,,,,,,,,,,,,,,,,,,,,,,
Sx6sqg2Av5,8,Assignment2,50,,,,,,,,,,,,,,,,,,,,,,,,,,,,,,,,,
Sx6sqg2Av5,8,Assignment1,96,,,,,,,,,,,,,,,,,,,,,,,,,,,,,,,Final Exam,12/15/21 15:00,100
Sx6sqg2Av5,8,Final Exam,-1,,,,,,,,,,,,,,,,,,,,,,,,,,,,,,,,,
tmil3gYi8I,3,Homework5,80,,,,,,,,,,,,,,,,,,,,,,,,,,,,,,,,,
tmil3gYi8I,3,Homework4,43,,,,,,,,,,,,,,,,,,,,,,,,,,,,,,,,,
tmil3gYi8I,3,Homework1,74,,,,,,,,,,,,,,,,,,,,,,,,,,,,,,,,,
tmil3gYi8I,3,Homework2,47,,,,,,,,,,,,,,,,,,,,,,,,,,,,,,,,,
tmil3gYi8I,3,Homework7,25,,,,,,,,,,,,,,,,,,,,,,,,,,,,,,,,,
tmil3gYi8I,3,Final Exam,90,,,,,,,,,,,,,,,,,,,,,,,,,,,,,,,,,
tmil3gYi8I,1,Midterm1,41,,,,,,,,,,,,,,,,,,,,,,,,,,,,,,,,,
tmil3gYi8I,3,Homework3,99,,,,,,,,,,,,,,,,,,,,,,,,,,,,,,,,,
tmil3gYi8I,1,Assignment5,22,,,,,,,,,,,,,,,,,,,,,,,,,,,,,,,,,
tmil3gYi8I,1,Assignment4,54,,,,,,,,,,,,,,,,,,,,,,,,,,,,,,,,,
tmil3gYi8I,1,Final Exam,58,,,,,,,,,,,,,,,,,,,,,,,,,,,,,,,,,
tmil3gYi8I,3,Midterm,62,,,,,,,,,,,,,,,,,,,,,,,,,,,,,,,,,
tmil3gYi8I,3,Homework8,42,,,,,,,,,,,,,,,,,,,,,,,,,,,,,,,,,
tmil3gYi8I,1,Midterm2,41,,,,,,,,,,,,,,,,,,,,,,,,,,,,,,,,,
tmil3gYi8I,1,Bonus Quiz,3,,,,,,,,,,,,,,,,,,,,,,,,,,,,,,,,,
tmil3gYi8I,1,Final Project,120,,,,,,,,,,,,,,,,,,,,,,,,,,,,,,,,,
tmil3gYi8I,1,Assignment1,55,,,,,,,,,,,,,,,,,,,,,,,,,,,,,,,,,
tmil3gYi8I,1,Assignment3,92,,,,,,,,,,,,,,,,,,,,,,,,,,,,,,,,,
tmil3gYi8I,1,Assignment2,56,,,,,,,,,,,,,,,,,,,,,,,,,,,,,,,,,
tmil3gYi8I,3,Homework6,97,,,,,,,,,,,,,,,,,,,,,,,,,,,,,,,,,
tmt3aPs20s,5,Assignment4,96,,,,,,,,,,,,,,,,,,,,,,,,,,,,,,,,,
tmt3aPs20s,5,Assignment3,60,,,,,,,,,,,,,,,,,,,,,,,,,,,,,,,,,
tmt3aPs20s,4,Midterm1,33,,,,,,,,,,,,,,,,,,,,,,,,,,,,,,,,,
tmt3aPs20s,4,Assignment5,86,,,,,,,,,,,,,,,,,,,,,,,,,,,,,,,,,
tmt3aPs20s,4,Assignment4,88,,,,,,,,,,,,,,,,,,,,,,,,,,,,,,,,,
tmt3aPs20s,4,Final Exam,64,,,,,,,,,,,,,,,,,,,,,,,,,,,,,,,,,
tmt3aPs20s,5,Final Exam,144,,,,,,,,,,,,,,,,,,,,,,,,,,,,,,,,,
tmt3aPs20s,5,Midterm,66,,,,,,,,,,,,,,,,,,,,,,,,,,,,,,,,,
tmt3aPs20s,4,Midterm2,51,,,,,,,,,,,,,,,,,,,,,,,,,,,,,,,,,
tmt3aPs20s,4,Bonus Quiz,1,,,,,,,,,,,,,,,,,,,,,,,,,,,,,,,,,
tmt3aPs20s,4,Final Project,103,,,,,,,,,,,,,,,,,,,,,,,,,,,,,,,,,
tmt3aPs20s,4,Assignment1,95,,,,,,,,,,,,,,,,,,,,,,,,,,,,,,,,,
tmt3aPs20s,4,Assignment3,96,,,,,,,,,,,,,,,,,,,,,,,,,,,,,,,,,
tmt3aPs20s,4,Assignment2,83,,,,,,,,,,,,,,,,,,,,,,,,,,,,,,,,,
tmt3aPs20s,5,Assignment1,67,,,,,,,,,,,,,,,,,,,,,,,,,,,,,,,,,
tmt3aPs20s,5,Assignment2,63,,,,,,,,,,,,,,,,,,,,,,,,,,,,,,,,,
ujARr06uDs,9,Assignment5,-1,,,,,,,,,,,,,,,,,,,,,,,,,,,,,,,,,
ujARr06uDs,9,Final Project,-1,,,,,,,,,,,,,,,,,,,,,,,,,,,,,,,,,
ujARr06uDs,9,Assignment3,66,,,,,,,,,,,,,,,,,,,,,,,,,,,,,,,,,
ujARr06uDs,9,Assignment4,92,,,,,,,,,,,,,,,,,,,,,,,,,,,,,,,,,
ujARr06uDs,9,Assignment2,91,,,,,,,,,,,,,,,,,,,,,,,,,,,,,,,,,
ujARr06uDs,6,Project5,85,,,,,,,,,,,,,,,,,,,,,,,,,,,,,,,,,
ujARr06uDs,6,Project3,80,,,,,,,,,,,,,,,,,,,,,,,,,,,,,,,,,
ujARr06uDs,6,Project4,57,,,,,,,,,,,,,,,,,,,,,,,,,,,,,,,,,
ujARr06uDs,9,Midterm,88,,,,,,,,,,,,,,,,,,,,,,,,,,,,,,,,,
ujARr06uDs,6,Final Exam,114,,,,,,,,,,,,,,,,,,,,,,,,,,,,,,,,,
ujARr06uDs,6,Midterm,22,,,,,,,,,,,,,,,,,,,,,,,,,,,,,,,,,
ujARr06uDs,6,Project2,97,,,,,,,,,,,,,,,,,,,,,,,,,,,,,,,,,
ujARr06uDs,6,Project1,51,,,,,,,,,,,,,,,,,,,,,,,,,,,,,,,,,
ujARr06uDs,9,Assignment1,98,,,,,,,,,,,,,,,,,,,,,,,,,,,,,,,Final Exam,12/15/21 8:00,200
ujARr06uDs,9,Final Exam,-1,,,,,,,,,,,,,,,,,,,,,,,,,,,,,,,,,
UPLEFa48ob,5,Assignment4,90,,,,,,,,,,,,,,,,,,,,,,,,,,,,,,,,,
UPLEFa48ob,5,Assignment3,86,,,,,,,,,,,,,,,,,,,,,,,,,,,,,,,,,
UPLEFa48ob,4,Midterm1,46,,,,,,,,,,,,,,,,,,,,,,,,,,,,,,,,,
UPLEFa48ob,4,Assignment5,50,,,,,,,,,,,,,,,,,,,,,,,,,,,,,,,,,
UPLEFa48ob,4,Assignment4,62,,,,,,,,,,,,,,,,,,,,,,,,,,,,,,,,,
UPLEFa48ob,4,Final Exam,20,,,,,,,,,,,,,,,,,,,,,,,,,,,,,,,,,
UPLEFa48ob,5,Final Exam,99,,,,,,,,,,,,,,,,,,,,,,,,,,,,,,,,,
UPLEFa48ob,5,Midterm,84,,,,,,,,,,,,,,,,,,,,,,,,,,,,,,,,,
UPLEFa48ob,4,Midterm2,39,,,,,,,,,,,,,,,,,,,,,,,,,,,,,,,,,
UPLEFa48ob,4,Bonus Quiz,10,,,,,,,,,,,,,,,,,,,,,,,,,,,,,,,,,
UPLEFa48ob,4,Final Project,73,,,,,,,,,,,,,,,,,,,,,,,,,,,,,,,,,
UPLEFa48ob,4,Assignment1,29,,,,,,,,,,,,,,,,,,,,,,,,,,,,,,,,,
UPLEFa48ob,4,Assignment3,88,,,,,,,,,,,,,,,,,,,,,,,,,,,,,,,,,
UPLEFa48ob,4,Assignment2,91,,,,,,,,,,,,,,,,,,,,,,,,,,,,,,,,,
UPLEFa48ob,5,Assignment1,90,,,,,,,,,,,,,,,,,,,,,,,,,,,,,,,,,
UPLEFa48ob,5,Assignment2,81,,,,,,,,,,,,,,,,,,,,,,,,,,,,,,,,,
UuUxEvmxXO,8,Assignment6,-1,,,,,,,,,,,,,,,,,,,,,,,,,,,,,,,,,
UuUxEvmxXO,8,Assignment4,76,,,,,,,,,,,,,,,,,,,,,,,,,,,,,,,,,
UuUxEvmxXO,8,Assignment5,-1,,,,,,,,,,,,,,,,,,,,,,,,,,,,,,,,,
UuUxEvmxXO,8,Midterm,56,,,,,,,,,,,,,,,,,,,,,,,,,,,,,,,,,
UuUxEvmxXO,8,Assignment3,95,,,,,,,,,,,,,,,,,,,,,,,,,,,,,,,,,
UuUxEvmxXO,8,Assignment2,52,,,,,,,,,,,,,,,,,,,,,,,,,,,,,,,,,
UuUxEvmxXO,8,Assignment1,75,,,,,,,,,,,,,,,,,,,,,,,,,,,,,,,Final Exam,12/15/21 15:00,100
UuUxEvmxXO,8,Final Exam,-1,,,,,,,,,,,,,,,,,,,,,,,,,,,,,,,,,
UX8dL9oWOH,5,Assignment4,62,,,,,,,,,,,,,,,,,,,,,,,,,,,,,,,,,
UX8dL9oWOH,5,Assignment3,74,,,,,,,,,,,,,,,,,,,,,,,,,,,,,,,,,
UX8dL9oWOH,4,Midterm1,24,,,,,,,,,,,,,,,,,,,,,,,,,,,,,,,,,
UX8dL9oWOH,4,Assignment5,46,,,,,,,,,,,,,,,,,,,,,,,,,,,,,,,,,
UX8dL9oWOH,4,Assignment4,97,,,,,,,,,,,,,,,,,,,,,,,,,,,,,,,,,
UX8dL9oWOH,4,Final Exam,49,,,,,,,,,,,,,,,,,,,,,,,,,,,,,,,,,
UX8dL9oWOH,5,Final Exam,114,,,,,,,,,,,,,,,,,,,,,,,,,,,,,,,,,
UX8dL9oWOH,5,Midterm,56,,,,,,,,,,,,,,,,,,,,,,,,,,,,,,,,,
UX8dL9oWOH,4,Midterm2,22,,,,,,,,,,,,,,,,,,,,,,,,,,,,,,,,,
UX8dL9oWOH,4,Bonus Quiz,0,,,,,,,,,,,,,,,,,,,,,,,,,,,,,,,,,
UX8dL9oWOH,4,Final Project,55,,,,,,,,,,,,,,,,,,,,,,,,,,,,,,,,,
UX8dL9oWOH,4,Assignment1,85,,,,,,,,,,,,,,,,,,,,,,,,,,,,,,,,,
UX8dL9oWOH,4,Assignment3,45,,,,,,,,,,,,,,,,,,,,,,,,,,,,,,,,,
UX8dL9oWOH,4,Assignment2,62,,,,,,,,,,,,,,,,,,,,,,,,,,,,,,,,,
UX8dL9oWOH,5,Assignment1,59,,,,,,,,,,,,,,,,,,,,,,,,,,,,,,,,,
UX8dL9oWOH,5,Assignment2,83,,,,,,,,,,,,,,,,,,,,,,,,,,,,,,,,,
uZfhzJCf3Q,5,Assignment4,47,,,,,,,,,,,,,,,,,,,,,,,,,,,,,,,,,
uZfhzJCf3Q,5,Assignment3,86,,,,,,,,,,,,,,,,,,,,,,,,,,,,,,,,,
uZfhzJCf3Q,4,Midterm1,38,,,,,,,,,,,,,,,,,,,,,,,,,,,,,,,,,
uZfhzJCf3Q,4,Assignment5,32,,,,,,,,,,,,,,,,,,,,,,,,,,,,,,,,,
uZfhzJCf3Q,4,Assignment4,64,,,,,,,,,,,,,,,,,,,,,,,,,,,,,,,,,
uZfhzJCf3Q,4,Final Exam,99,,,,,,,,,,,,,,,,,,,,,,,,,,,,,,,,,
uZfhzJCf3Q,5,Final Exam,124,,,,,,,,,,,,,,,,,,,,,,,,,,,,,,,,,
uZfhzJCf3Q,5,Midterm,55,,,,,,,,,,,,,,,,,,,,,,,,,,,,,,,,,
uZfhzJCf3Q,4,Midterm2,48,,,,,,,,,,,,,,,,,,,,,,,,,,,,,,,,,
uZfhzJCf3Q,4,Bonus Quiz,4,,,,,,,,,,,,,,,,,,,,,,,,,,,,,,,,,
uZfhzJCf3Q,4,Final Project,22,,,,,,,,,,,,,,,,,,,,,,,,,,,,,,,,,
uZfhzJCf3Q,4,Assignment1,30,,,,,,,,,,,,,,,,,,,,,,,,,,,,,,,,,
uZfhzJCf3Q,4,Assignment3,48,,,,,,,,,,,,,,,,,,,,,,,,,,,,,,,,,
uZfhzJCf3Q,4,Assignment2,86,,,,,,,,,,,,,,,,,,,,,,,,,,,,,,,,,
uZfhzJCf3Q,5,Assignment1,98,,,,,,,,,,,,,,,,,,,,,,,,,,,,,,,,,
uZfhzJCf3Q,5,Assignment2,46,,,,,,,,,,,,,,,,,,,,,,,,,,,,,,,,,
v9ksRoAENe,7,Assignment4,79,,,,,,,,,,,,,,,,,,,,,,,,,,,,,,,,,
v9ksRoAENe,7,Assignment3,90,,,,,,,,,,,,,,,,,,,,,,,,,,,,,,,,,
v9ksRoAENe,6,Project5,64,,,,,,,,,,,,,,,,,,,,,,,,,,,,,,,,,
v9ksRoAENe,6,Project3,49,,,,,,,,,,,,,,,,,,,,,,,,,,,,,,,,,
v9ksRoAENe,6,Project4,93,,,,,,,,,,,,,,,,,,,,,,,,,,,,,,,,,
v9ksRoAENe,7,Final Exam,116,,,,,,,,,,,,,,,,,,,,,,,,,,,,,,,,,
v9ksRoAENe,6,Final Exam,77,,,,,,,,,,,,,,,,,,,,,,,,,,,,,,,,,
v9ksRoAENe,7,Midterm,84,,,,,,,,,,,,,,,,,,,,,,,,,,,,,,,,,
v9ksRoAENe,6,Midterm,36,,,,,,,,,,,,,,,,,,,,,,,,,,,,,,,,,
v9ksRoAENe,6,Project2,81,,,,,,,,,,,,,,,,,,,,,,,,,,,,,,,,,
v9ksRoAENe,6,Project1,95,,,,,,,,,,,,,,,,,,,,,,,,,,,,,,,,,
v9ksRoAENe,7,Assignment1,90,,,,,,,,,,,,,,,,,,,,,,,,,,,,,,,,,
v9ksRoAENe,7,Assignment2,81,,,,,,,,,,,,,,,,,,,,,,,,,,,,,,,,,
VkA4Ln4RP8,5,Assignment4,93,,,,,,,,,,,,,,,,,,,,,,,,,,,,,,,,,
VkA4Ln4RP8,5,Assignment3,52,,,,,,,,,,,,,,,,,,,,,,,,,,,,,,,,,
VkA4Ln4RP8,4,Midterm1,46,,,,,,,,,,,,,,,,,,,,,,,,,,,,,,,,,
VkA4Ln4RP8,4,Assignment5,58,,,,,,,,,,,,,,,,,,,,,,,,,,,,,,,,,
VkA4Ln4RP8,4,Assignment4,23,,,,,,,,,,,,,,,,,,,,,,,,,,,,,,,,,
VkA4Ln4RP8,4,Final Exam,76,,,,,,,,,,,,,,,,,,,,,,,,,,,,,,,,,
VkA4Ln4RP8,5,Final Exam,135,,,,,,,,,,,,,,,,,,,,,,,,,,,,,,,,,
VkA4Ln4RP8,5,Midterm,65,,,,,,,,,,,,,,,,,,,,,,,,,,,,,,,,,
VkA4Ln4RP8,4,Midterm2,42,,,,,,,,,,,,,,,,,,,,,,,,,,,,,,,,,
VkA4Ln4RP8,4,Bonus Quiz,1,,,,,,,,,,,,,,,,,,,,,,,,,,,,,,,,,
VkA4Ln4RP8,4,Final Project,115,,,,,,,,,,,,,,,,,,,,,,,,,,,,,,,,,
VkA4Ln4RP8,4,Assignment1,99,,,,,,,,,,,,,,,,,,,,,,,,,,,,,,,,,
VkA4Ln4RP8,4,Assignment3,30,,,,,,,,,,,,,,,,,,,,,,,,,,,,,,,,,
VkA4Ln4RP8,4,Assignment2,79,,,,,,,,,,,,,,,,,,,,,,,,,,,,,,,,,
VkA4Ln4RP8,5,Assignment1,92,,,,,,,,,,,,,,,,,,,,,,,,,,,,,,,,,
VkA4Ln4RP8,5,Assignment2,70,,,,,,,,,,,,,,,,,,,,,,,,,,,,,,,,,
vMCwbZJ5UI,5,Assignment4,85,,,,,,,,,,,,,,,,,,,,,,,,,,,,,,,,,
vMCwbZJ5UI,5,Assignment3,99,,,,,,,,,,,,,,,,,,,,,,,,,,,,,,,,,
vMCwbZJ5UI,4,Midterm1,29,,,,,,,,,,,,,,,,,,,,,,,,,,,,,,,,,
vMCwbZJ5UI,4,Assignment5,23,,,,,,,,,,,,,,,,,,,,,,,,,,,,,,,,,
vMCwbZJ5UI,4,Assignment4,75,,,,,,,,,,,,,,,,,,,,,,,,,,,,,,,,,
vMCwbZJ5UI,4,Final Exam,85,,,,,,,,,,,,,,,,,,,,,,,,,,,,,,,,,
vMCwbZJ5UI,5,Final Exam,77,,,,,,,,,,,,,,,,,,,,,,,,,,,,,,,,,
vMCwbZJ5UI,5,Midterm,93,,,,,,,,,,,,,,,,,,,,,,,,,,,,,,,,,
vMCwbZJ5UI,4,Midterm2,26,,,,,,,,,,,,,,,,,,,,,,,,,,,,,,,,,
vMCwbZJ5UI,4,Bonus Quiz,7,,,,,,,,,,,,,,,,,,,,,,,,,,,,,,,,,
vMCwbZJ5UI,4,Final Project,68,,,,,,,,,,,,,,,,,,,,,,,,,,,,,,,,,
vMCwbZJ5UI,4,Assignment1,61,,,,,,,,,,,,,,,,,,,,,,,,,,,,,,,,,
vMCwbZJ5UI,4,Assignment3,93,,,,,,,,,,,,,,,,,,,,,,,,,,,,,,,,,
vMCwbZJ5UI,4,Assignment2,70,,,,,,,,,,,,,,,,,,,,,,,,,,,,,,,,,
vMCwbZJ5UI,5,Assignment1,69,,,,,,,,,,,,,,,,,,,,,,,,,,,,,,,,,
vMCwbZJ5UI,5,Assignment2,68,,,,,,,,,,,,,,,,,,,,,,,,,,,,,,,,,
vrSPzDaBog,3,Homework5,31,,,,,,,,,,,,,,,,,,,,,,,,,,,,,,,,,
vrSPzDaBog,3,Homework4,88,,,,,,,,,,,,,,,,,,,,,,,,,,,,,,,,,
vrSPzDaBog,3,Homework1,48,,,,,,,,,,,,,,,,,,,,,,,,,,,,,,,,,
vrSPzDaBog,3,Homework2,76,,,,,,,,,,,,,,,,,,,,,,,,,,,,,,,,,
vrSPzDaBog,3,Homework7,72,,,,,,,,,,,,,,,,,,,,,,,,,,,,,,,,,
vrSPzDaBog,3,Final Exam,40,,,,,,,,,,,,,,,,,,,,,,,,,,,,,,,,,
vrSPzDaBog,1,Midterm1,57,,,,,,,,,,,,,,,,,,,,,,,,,,,,,,,,,
vrSPzDaBog,3,Homework3,65,,,,,,,,,,,,,,,,,,,,,,,,,,,,,,,,,
vrSPzDaBog,1,Assignment5,56,,,,,,,,,,,,,,,,,,,,,,,,,,,,,,,,,
vrSPzDaBog,1,Assignment4,47,,,,,,,,,,,,,,,,,,,,,,,,,,,,,,,,,
vrSPzDaBog,1,Final Exam,41,,,,,,,,,,,,,,,,,,,,,,,,,,,,,,,,,
vrSPzDaBog,3,Midterm,75,,,,,,,,,,,,,,,,,,,,,,,,,,,,,,,,,
vrSPzDaBog,3,Homework8,46,,,,,,,,,,,,,,,,,,,,,,,,,,,,,,,,,
vrSPzDaBog,1,Midterm2,33,,,,,,,,,,,,,,,,,,,,,,,,,,,,,,,,,
vrSPzDaBog,1,Bonus Quiz,8,,,,,,,,,,,,,,,,,,,,,,,,,,,,,,,,,
vrSPzDaBog,1,Final Project,107,,,,,,,,,,,,,,,,,,,,,,,,,,,,,,,,,
vrSPzDaBog,1,Assignment1,46,,,,,,,,,,,,,,,,,,,,,,,,,,,,,,,,,
vrSPzDaBog,1,Assignment3,64,,,,,,,,,,,,,,,,,,,,,,,,,,,,,,,,,
vrSPzDaBog,1,Assignment2,51,,,,,,,,,,,,,,,,,,,,,,,,,,,,,,,,,
vrSPzDaBog,3,Homework6,62,,,,,,,,,,,,,,,,,,,,,,,,,,,,,,,,,
Vv5mvmR93y,5,Assignment4,87,,,,,,,,,,,,,,,,,,,,,,,,,,,,,,,,,
Vv5mvmR93y,5,Assignment3,79,,,,,,,,,,,,,,,,,,,,,,,,,,,,,,,,,
Vv5mvmR93y,4,Midterm1,52,,,,,,,,,,,,,,,,,,,,,,,,,,,,,,,,,
Vv5mvmR93y,4,Assignment5,77,,,,,,,,,,,,,,,,,,,,,,,,,,,,,,,,,
Vv5mvmR93y,4,Assignment4,84,,,,,,,,,,,,,,,,,,,,,,,,,,,,,,,,,
Vv5mvmR93y,4,Final Exam,88,,,,,,,,,,,,,,,,,,,,,,,,,,,,,,,,,
Vv5mvmR93y,5,Final Exam,61,,,,,,,,,,,,,,,,,,,,,,,,,,,,,,,,,
Vv5mvmR93y,5,Midterm,59,,,,,,,,,,,,,,,,,,,,,,,,,,,,,,,,,
Vv5mvmR93y,4,Midterm2,50,,,,,,,,,,,,,,,,,,,,,,,,,,,,,,,,,
Vv5mvmR93y,4,Bonus Quiz,3,,,,,,,,,,,,,,,,,,,,,,,,,,,,,,,,,
Vv5mvmR93y,4,Final Project,125,,,,,,,,,,,,,,,,,,,,,,,,,,,,,,,,,
Vv5mvmR93y,4,Assignment1,36,,,,,,,,,,,,,,,,,,,,,,,,,,,,,,,,,
Vv5mvmR93y,4,Assignment3,55,,,,,,,,,,,,,,,,,,,,,,,,,,,,,,,,,
Vv5mvmR93y,4,Assignment2,85,,,,,,,,,,,,,,,,,,,,,,,,,,,,,,,,,
Vv5mvmR93y,5,Assignment1,89,,,,,,,,,,,,,,,,,,,,,,,,,,,,,,,,,
Vv5mvmR93y,5,Assignment2,87,,,,,,,,,,,,,,,,,,,,,,,,,,,,,,,,,
VxX7KCsBEi,4,Midterm1,44,,,,,,,,,,,,,,,,,,,,,,,,,,,,,,,,,
VxX7KCsBEi,4,Assignment5,47,,,,,,,,,,,,,,,,,,,,,,,,,,,,,,,,,
VxX7KCsBEi,4,Assignment4,97,,,,,,,,,,,,,,,,,,,,,,,,,,,,,,,,,
VxX7KCsBEi,4,Final Exam,58,,,,,,,,,,,,,,,,,,,,,,,,,,,,,,,,,
VxX7KCsBEi,4,Midterm2,27,,,,,,,,,,,,,,,,,,,,,,,,,,,,,,,,,
VxX7KCsBEi,4,Bonus Quiz,9,,,,,,,,,,,,,,,,,,,,,,,,,,,,,,,,,
VxX7KCsBEi,4,Final Project,108,,,,,,,,,,,,,,,,,,,,,,,,,,,,,,,,,
VxX7KCsBEi,4,Assignment1,70,,,,,,,,,,,,,,,,,,,,,,,,,,,,,,,,,
VxX7KCsBEi,4,Assignment3,70,,,,,,,,,,,,,,,,,,,,,,,,,,,,,,,,,
VxX7KCsBEi,4,Assignment2,95,,,,,,,,,,,,,,,,,,,,,,,,,,,,,,,,,
w4xX1lvTG7,3,Homework5,47,,,,,,,,,,,,,,,,,,,,,,,,,,,,,,,,,
w4xX1lvTG7,3,Homework4,62,,,,,,,,,,,,,,,,,,,,,,,,,,,,,,,,,
w4xX1lvTG7,3,Homework1,75,,,,,,,,,,,,,,,,,,,,,,,,,,,,,,,,,
w4xX1lvTG7,3,Homework2,89,,,,,,,,,,,,,,,,,,,,,,,,,,,,,,,,,
w4xX1lvTG7,3,Homework7,48,,,,,,,,,,,,,,,,,,,,,,,,,,,,,,,,,
w4xX1lvTG7,3,Final Exam,93,,,,,,,,,,,,,,,,,,,,,,,,,,,,,,,,,
w4xX1lvTG7,2,Midterm1,25,,,,,,,,,,,,,,,,,,,,,,,,,,,,,,,,,
w4xX1lvTG7,3,Homework3,58,,,,,,,,,,,,,,,,,,,,,,,,,,,,,,,,,
w4xX1lvTG7,2,Assignment5,99,,,,,,,,,,,,,,,,,,,,,,,,,,,,,,,,,
w4xX1lvTG7,2,Assignment4,39,,,,,,,,,,,,,,,,,,,,,,,,,,,,,,,,,
w4xX1lvTG7,2,Final Exam,86,,,,,,,,,,,,,,,,,,,,,,,,,,,,,,,,,
w4xX1lvTG7,3,Midterm,83,,,,,,,,,,,,,,,,,,,,,,,,,,,,,,,,,
w4xX1lvTG7,3,Homework8,62,,,,,,,,,,,,,,,,,,,,,,,,,,,,,,,,,
w4xX1lvTG7,2,Midterm2,30,,,,,,,,,,,,,,,,,,,,,,,,,,,,,,,,,
w4xX1lvTG7,2,Bonus Quiz,3,,,,,,,,,,,,,,,,,,,,,,,,,,,,,,,,,
w4xX1lvTG7,2,Final Project,47,,,,,,,,,,,,,,,,,,,,,,,,,,,,,,,,,
w4xX1lvTG7,2,Assignment1,68,,,,,,,,,,,,,,,,,,,,,,,,,,,,,,,,,
w4xX1lvTG7,2,Assignment3,92,,,,,,,,,,,,,,,,,,,,,,,,,,,,,,,,,
w4xX1lvTG7,2,Assignment2,45,,,,,,,,,,,,,,,,,,,,,,,,,,,,,,,,,
w4xX1lvTG7,3,Homework6,72,,,,,,,,,,,,,,,,,,,,,,,,,,,,,,,,,
WJrWAidLZ5,5,Assignment4,74,,,,,,,,,,,,,,,,,,,,,,,,,,,,,,,,,
WJrWAidLZ5,5,Assignment3,90,,,,,,,,,,,,,,,,,,,,,,,,,,,,,,,,,
WJrWAidLZ5,2,Midterm1,27,,,,,,,,,,,,,,,,,,,,,,,,,,,,,,,,,
WJrWAidLZ5,2,Assignment5,100,,,,,,,,,,,,,,,,,,,,,,,,,,,,,,,,,
WJrWAidLZ5,2,Assignment4,72,,,,,,,,,,,,,,,,,,,,,,,,,,,,,,,,,
WJrWAidLZ5,2,Final Exam,80,,,,,,,,,,,,,,,,,,,,,,,,,,,,,,,,,
WJrWAidLZ5,5,Final Exam,97,,,,,,,,,,,,,,,,,,,,,,,,,,,,,,,,,
WJrWAidLZ5,5,Midterm,97,,,,,,,,,,,,,,,,,,,,,,,,,,,,,,,,,
WJrWAidLZ5,2,Midterm2,55,,,,,,,,,,,,,,,,,,,,,,,,,,,,,,,,,
WJrWAidLZ5,2,Bonus Quiz,5,,,,,,,,,,,,,,,,,,,,,,,,,,,,,,,,,
WJrWAidLZ5,2,Final Project,64,,,,,,,,,,,,,,,,,,,,,,,,,,,,,,,,,
WJrWAidLZ5,2,Assignment1,95,,,,,,,,,,,,,,,,,,,,,,,,,,,,,,,,,
WJrWAidLZ5,2,Assignment3,100,,,,,,,,,,,,,,,,,,,,,,,,,,,,,,,,,
WJrWAidLZ5,2,Assignment2,72,,,,,,,,,,,,,,,,,,,,,,,,,,,,,,,,,
WJrWAidLZ5,5,Assignment1,93,,,,,,,,,,,,,,,,,,,,,,,,,,,,,,,,,
WJrWAidLZ5,5,Assignment2,86,,,,,,,,,,,,,,,,,,,,,,,,,,,,,,,,,
WUMHFJy3AG,9,Assignment5,-1,,,,,,,,,,,,,,,,,,,,,,,,,,,,,,,,,
WUMHFJy3AG,9,Final Project,-1,,,,,,,,,,,,,,,,,,,,,,,,,,,,,,,,,
WUMHFJy3AG,9,Assignment3,45,,,,,,,,,,,,,,,,,,,,,,,,,,,,,,,,,
WUMHFJy3AG,9,Assignment4,93,,,,,,,,,,,,,,,,,,,,,,,,,,,,,,,,,
WUMHFJy3AG,9,Assignment2,41,,,,,,,,,,,,,,,,,,,,,,,,,,,,,,,,,
WUMHFJy3AG,6,Project5,48,,,,,,,,,,,,,,,,,,,,,,,,,,,,,,,,,
WUMHFJy3AG,6,Project3,85,,,,,,,,,,,,,,,,,,,,,,,,,,,,,,,,,
WUMHFJy3AG,6,Project4,75,,,,,,,,,,,,,,,,,,,,,,,,,,,,,,,,,
WUMHFJy3AG,9,Midterm,38,,,,,,,,,,,,,,,,,,,,,,,,,,,,,,,,,
WUMHFJy3AG,6,Final Exam,119,,,,,,,,,,,,,,,,,,,,,,,,,,,,,,,,,
WUMHFJy3AG,6,Midterm,8,,,,,,,,,,,,,,,,,,,,,,,,,,,,,,,,,
WUMHFJy3AG,6,Project2,93,,,,,,,,,,,,,,,,,,,,,,,,,,,,,,,,,
WUMHFJy3AG,6,Project1,51,,,,,,,,,,,,,,,,,,,,,,,,,,,,,,,,,
WUMHFJy3AG,9,Assignment1,98,,,,,,,,,,,,,,,,,,,,,,,,,,,,,,,Final Exam,12/15/21 8:00,200
WUMHFJy3AG,9,Final Exam,-1,,,,,,,,,,,,,,,,,,,,,,,,,,,,,,,,,
wUSNkrt2i7,8,Assignment6,-1,,,,,,,,,,,,,,,,,,,,,,,,,,,,,,,,,
wUSNkrt2i7,8,Assignment4,50,,,,,,,,,,,,,,,,,,,,,,,,,,,,,,,,,
wUSNkrt2i7,8,Assignment5,-1,,,,,,,,,,,,,,,,,,,,,,,,,,,,,,,,,
wUSNkrt2i7,8,Midterm,42,,,,,,,,,,,,,,,,,,,,,,,,,,,,,,,,,
wUSNkrt2i7,8,Assignment3,77,,,,,,,,,,,,,,,,,,,,,,,,,,,,,,,,,
wUSNkrt2i7,8,Assignment2,72,,,,,,,,,,,,,,,,,,,,,,,,,,,,,,,,,
wUSNkrt2i7,8,Assignment1,63,,,,,,,,,,,,,,,,,,,,,,,,,,,,,,,Final Exam,12/15/21 15:00,100
wUSNkrt2i7,8,Final Exam,-1,,,,,,,,,,,,,,,,,,,,,,,,,,,,,,,,,
WVztzxaqG1,7,Assignment4,59,,,,,,,,,,,,,,,,,,,,,,,,,,,,,,,,,
WVztzxaqG1,7,Assignment3,98,,,,,,,,,,,,,,,,,,,,,,,,,,,,,,,,,
WVztzxaqG1,6,Project5,63,,,,,,,,,,,,,,,,,,,,,,,,,,,,,,,,,
WVztzxaqG1,6,Project3,77,,,,,,,,,,,,,,,,,,,,,,,,,,,,,,,,,
WVztzxaqG1,6,Project4,51,,,,,,,,,,,,,,,,,,,,,,,,,,,,,,,,,
WVztzxaqG1,7,Final Exam,109,,,,,,,,,,,,,,,,,,,,,,,,,,,,,,,,,
WVztzxaqG1,6,Final Exam,110,,,,,,,,,,,,,,,,,,,,,,,,,,,,,,,,,
WVztzxaqG1,7,Midterm,95,,,,,,,,,,,,,,,,,,,,,,,,,,,,,,,,,
WVztzxaqG1,6,Midterm,33,,,,,,,,,,,,,,,,,,,,,,,,,,,,,,,,,
WVztzxaqG1,6,Project2,79,,,,,,,,,,,,,,,,,,,,,,,,,,,,,,,,,
WVztzxaqG1,6,Project1,57,,,,,,,,,,,,,,,,,,,,,,,,,,,,,,,,,
WVztzxaqG1,7,Assignment1,51,,,,,,,,,,,,,,,,,,,,,,,,,,,,,,,,,
WVztzxaqG1,7,Assignment2,78,,,,,,,,,,,,,,,,,,,,,,,,,,,,,,,,,
WW56HAP2R1,8,Assignment6,-1,,,,,,,,,,,,,,,,,,,,,,,,,,,,,,,,,
WW56HAP2R1,8,Assignment4,31,,,,,,,,,,,,,,,,,,,,,,,,,,,,,,,,,
WW56HAP2R1,8,Assignment5,-1,,,,,,,,,,,,,,,,,,,,,,,,,,,,,,,,,
WW56HAP2R1,8,Midterm,24,,,,,,,,,,,,,,,,,,,,,,,,,,,,,,,,,
WW56HAP2R1,8,Assignment3,45,,,,,,,,,,,,,,,,,,,,,,,,,,,,,,,,,
WW56HAP2R1,8,Assignment2,76,,,,,,,,,,,,,,,,,,,,,,,,,,,,,,,,,
WW56HAP2R1,8,Assignment1,99,,,,,,,,,,,,,,,,,,,,,,,,,,,,,,,Final Exam,12/15/21 15:00,100
WW56HAP2R1,8,Final Exam,-1,,,,,,,,,,,,,,,,,,,,,,,,,,,,,,,,,
Xo3aGKAsfE,9,Assignment5,-1,,,,,,,,,,,,,,,,,,,,,,,,,,,,,,,,,
Xo3aGKAsfE,9,Final Project,-1,,,,,,,,,,,,,,,,,,,,,,,,,,,,,,,,,
Xo3aGKAsfE,9,Assignment3,67,,,,,,,,,,,,,,,,,,,,,,,,,,,,,,,,,
Xo3aGKAsfE,9,Assignment4,85,,,,,,,,,,,,,,,,,,,,,,,,,,,,,,,,,
Xo3aGKAsfE,9,Assignment2,99,,,,,,,,,,,,,,,,,,,,,,,,,,,,,,,,,
Xo3aGKAsfE,9,Midterm,65,,,,,,,,,,,,,,,,,,,,,,,,,,,,,,,,,
Xo3aGKAsfE,9,Assignment1,98,,,,,,,,,,,,,,,,,,,,,,,,,,,,,,,Final Exam,12/15/21 8:00,200
Xo3aGKAsfE,9,Final Exam,-1,,,,,,,,,,,,,,,,,,,,,,,,,,,,,,,,,
xrWlqSyLPV,6,Project5,56,,,,,,,,,,,,,,,,,,,,,,,,,,,,,,,,,
xrWlqSyLPV,6,Project3,100,,,,,,,,,,,,,,,,,,,,,,,,,,,,,,,,,
xrWlqSyLPV,6,Project4,72,,,,,,,,,,,,,,,,,,,,,,,,,,,,,,,,,
xrWlqSyLPV,6,Final Exam,68,,,,,,,,,,,,,,,,,,,,,,,,,,,,,,,,,
xrWlqSyLPV,6,Midterm,38,,,,,,,,,,,,,,,,,,,,,,,,,,,,,,,,,
xrWlqSyLPV,6,Project2,98,,,,,,,,,,,,,,,,,,,,,,,,,,,,,,,,,
xrWlqSyLPV,6,Project1,99,,,,,,,,,,,,,,,,,,,,,,,,,,,,,,,,,
xshALL98rR,7,Assignment4,89,,,,,,,,,,,,,,,,,,,,,,,,,,,,,,,,,
xshALL98rR,7,Assignment3,67,,,,,,,,,,,,,,,,,,,,,,,,,,,,,,,,,
xshALL98rR,7,Final Exam,103,,,,,,,,,,,,,,,,,,,,,,,,,,,,,,,,,
xshALL98rR,7,Midterm,98,,,,,,,,,,,,,,,,,,,,,,,,,,,,,,,,,
xshALL98rR,7,Assignment1,80,,,,,,,,,,,,,,,,,,,,,,,,,,,,,,,,,
xshALL98rR,7,Assignment2,63,,,,,,,,,,,,,,,,,,,,,,,,,,,,,,,,,
ybgAEICak2,4,Midterm1,60,,,,,,,,,,,,,,,,,,,,,,,,,,,,,,,,,
ybgAEICak2,4,Assignment5,84,,,,,,,,,,,,,,,,,,,,,,,,,,,,,,,,,
ybgAEICak2,4,Assignment4,85,,,,,,,,,,,,,,,,,,,,,,,,,,,,,,,,,
ybgAEICak2,4,Final Exam,29,,,,,,,,,,,,,,,,,,,,,,,,,,,,,,,,,
ybgAEICak2,4,Midterm2,50,,,,,,,,,,,,,,,,,,,,,,,,,,,,,,,,,
ybgAEICak2,4,Bonus Quiz,3,,,,,,,,,,,,,,,,,,,,,,,,,,,,,,,,,
ybgAEICak2,4,Final Project,120,,,,,,,,,,,,,,,,,,,,,,,,,,,,,,,,,
ybgAEICak2,4,Assignment1,81,,,,,,,,,,,,,,,,,,,,,,,,,,,,,,,,,
ybgAEICak2,4,Assignment3,37,,,,,,,,,,,,,,,,,,,,,,,,,,,,,,,,,
ybgAEICak2,4,Assignment2,29,,,,,,,,,,,,,,,,,,,,,,,,,,,,,,,,,
yVEE6glmyP,3,Homework5,80,,,,,,,,,,,,,,,,,,,,,,,,,,,,,,,,,
yVEE6glmyP,3,Homework4,94,,,,,,,,,,,,,,,,,,,,,,,,,,,,,,,,,
yVEE6glmyP,3,Homework1,56,,,,,,,,,,,,,,,,,,,,,,,,,,,,,,,,,
yVEE6glmyP,3,Homework2,88,,,,,,,,,,,,,,,,,,,,,,,,,,,,,,,,,
yVEE6glmyP,3,Homework7,45,,,,,,,,,,,,,,,,,,,,,,,,,,,,,,,,,
yVEE6glmyP,3,Final Exam,82,,,,,,,,,,,,,,,,,,,,,,,,,,,,,,,,,
yVEE6glmyP,1,Midterm1,20,,,,,,,,,,,,,,,,,,,,,,,,,,,,,,,,,
yVEE6glmyP,3,Homework3,26,,,,,,,,,,,,,,,,,,,,,,,,,,,,,,,,,
yVEE6glmyP,1,Assignment5,29,,,,,,,,,,,,,,,,,,,,,,,,,,,,,,,,,
yVEE6glmyP,1,Assignment4,67,,,,,,,,,,,,,,,,,,,,,,,,,,,,,,,,,
yVEE6glmyP,1,Final Exam,82,,,,,,,,,,,,,,,,,,,,,,,,,,,,,,,,,
yVEE6glmyP,3,Midterm,97,,,,,,,,,,,,,,,,,,,,,,,,,,,,,,,,,
yVEE6glmyP,3,Homework8,70,,,,,,,,,,,,,,,,,,,,,,,,,,,,,,,,,
yVEE6glmyP,1,Midterm2,28,,,,,,,,,,,,,,,,,,,,,,,,,,,,,,,,,
yVEE6glmyP,1,Bonus Quiz,1,,,,,,,,,,,,,,,,,,,,,,,,,,,,,,,,,
yVEE6glmyP,1,Final Project,45,,,,,,,,,,,,,,,,,,,,,,,,,,,,,,,,,
yVEE6glmyP,1,Assignment1,52,,,,,,,,,,,,,,,,,,,,,,,,,,,,,,,,,
yVEE6glmyP,1,Assignment3,90,,,,,,,,,,,,,,,,,,,,,,,,,,,,,,,,,
yVEE6glmyP,1,Assignment2,88,,,,,,,,,,,,,,,,,,,,,,,,,,,,,,,,,
yVEE6glmyP,3,Homework6,55,,,,,,,,,,,,,,,,,,,,,,,,,,,,,,,,,
YXCMIivcy6,8,Assignment6,-1,,,,,,,,,,,,,,,,,,,,,,,,,,,,,,,,,
YXCMIivcy6,8,Assignment4,61,,,,,,,,,,,,,,,,,,,,,,,,,,,,,,,,,
YXCMIivcy6,8,Assignment5,-1,,,,,,,,,,,,,,,,,,,,,,,,,,,,,,,,,
YXCMIivcy6,8,Midterm,28,,,,,,,,,,,,,,,,,,,,,,,,,,,,,,,,,
YXCMIivcy6,8,Assignment3,97,,,,,,,,,,,,,,,,,,,,,,,,,,,,,,,,,
YXCMIivcy6,8,Assignment2,70,,,,,,,,,,,,,,,,,,,,,,,,,,,,,,,,,
YXCMIivcy6,8,Assignment1,85,,,,,,,,,,,,,,,,,,,,,,,,,,,,,,,Final Exam,12/15/21 15:00,100
YXCMIivcy6,8,Final Exam,-1,,,,,,,,,,,,,,,,,,,,,,,,,,,,,,,,,
zMdmtuvTDn,8,Assignment6,-1,,,,,,,,,,,,,,,,,,,,,,,,,,,,,,,,,
zMdmtuvTDn,8,Assignment4,70,,,,,,,,,,,,,,,,,,,,,,,,,,,,,,,,,
zMdmtuvTDn,8,Assignment5,-1,,,,,,,,,,,,,,,,,,,,,,,,,,,,,,,,,
zMdmtuvTDn,8,Midterm,43,,,,,,,,,,,,,,,,,,,,,,,,,,,,,,,,,
zMdmtuvTDn,8,Assignment3,85,,,,,,,,,,,,,,,,,,,,,,,,,,,,,,,,,
zMdmtuvTDn,8,Assignment2,69,,,,,,,,,,,,,,,,,,,,,,,,,,,,,,,,,
zMdmtuvTDn,8,Assignment1,67,,,,,,,,,,,,,,,,,,,,,,,,,,,,,,,Final Exam,12/15/21 15:00,100
zMdmtuvTDn,8,Final Exam,-1,,,,,,,,,,,,,,,,,,,,,,,,,,,,,,,,,