0Bb2zMzQAL,85,46
0Bb2zMzQAL,61,44
0Bb2zMzQAL,89,45
0Bb2zMzQAL,99,47
0Bb2zMzQAL,10,43
0Bb2zMzQAL,69,42
0Bb2zMzQAL,84,41
0nYGfSzH52,75,35
0nYGfSzH52,63,31
0nYGfSzH52,71,32
0nYGfSzH52,20,38
0nYGfSzH52,58,40
0nYGfSzH52,20,5
0nYGfSzH52,57,33
0nYGfSzH52,80,6
0nYGfSzH52,33,4
0nYGfSzH52,99,10
0nYGfSzH52,26,34
0nYGfSzH52,45,39
0nYGfSzH52,56,7
0nYGfSzH52,3,9
0nYGfSzH52,44,36
0nYGfSzH52,34,8
0nYGfSzH52,83,1
0nYGfSzH52,27,3
0nYGfSzH52,100,2
0nYGfSzH52,25,37
1aRjlUAYpO,-1,67
1aRjlUAYpO,-1,68
1aRjlUAYpO,-1,69
1aRjlUAYpO,52,64
1aRjlUAYpO,67,66
1aRjlUAYpO,30,63
1aRjlUAYpO,68,46
1aRjlUAYpO,88,44
1aRjlUAYpO,79,45
1aRjlUAYpO,79,65
1aRjlUAYpO,100,47
1aRjlUAYpO,47,43
1aRjlUAYpO,76,42
1aRjlUAYpO,68,41
1aRjlUAYpO,98,62
2ruNWPmicg,93,51
2ruNWPmicg,66,50
2ruNWPmicg,58,25
2ruNWPmicg,56,26
2ruNWPmicg,77,24
2ruNWPmicg,37,30
2ruNWPmicg,98,53
2ruNWPmicg,49,52
2ruNWPmicg,23,27
2ruNWPmicg,9,29
2ruNWPmicg,119,28
2ruNWPmicg,29,21
2ruNWPmicg,49,23
2ruNWPmicg,94,22
2ruNWPmicg,83,48
2ruNWPmicg,48,49
4D8d5NFQey,46,36
4D8d5NFQey,36,35
4D8d5NFQey,63,31
4D8d5NFQey,58,32
4D8d5NFQey,29,38
4D8d5NFQey,48,40
4D8d5NFQey,31,5
4D8d5NFQey,56,33
4D8d5NFQey,92,6
4D8d5NFQey,94,4
4D8d5NFQey,67,10
4D8d5NFQey,63,34
4D8d5NFQey,35,39
4D8d5NFQey,41,7
4D8d5NFQey,3,9
4D8d5NFQey,149,8
4D8d5NFQey,74,1
4D8d5NFQey,69,3
4D8d5NFQey,96,2
4D8d5NFQey,38,37
4RygfhpS1h,-1,61
4RygfhpS1h,-1,60
4RygfhpS1h,87,58
4RygfhpS1h,-1,59
4RygfhpS1h,28,57
4RygfhpS1h,68,56
4RygfhpS1h,50,55
4RygfhpS1h,78,54
5xTn7laQAz,46,51
5xTn7laQAz,92,50
5xTn7laQAz,27,25
5xTn7laQAz,42,26
5xTn7laQAz,25,24
5xTn7laQAz,92,30
5xTn7laQAz,78,53
5xTn7laQAz,95,52
5xTn7laQAz,28,27
5xTn7laQAz,7,29
5xTn7laQAz,48,28
5xTn7laQAz,57,21
5xTn7laQAz,41,23
5xTn7laQAz,36,22
5xTn7laQAz,92,48
5xTn7laQAz,54,49
77JVECgA9Y,-1,61
77JVECgA9Y,-1,60
77JVECgA9Y,60,58
77JVECgA9Y,-1,59
77JVECgA9Y,34,57
77JVECgA9Y,74,56
77JVECgA9Y,57,55
77JVECgA9Y,82,54
82rggZxf5c,-1,61
82rggZxf5c,-1,60
82rggZxf5c,68,58
82rggZxf5c,-1,59
82rggZxf5c,42,57
82rggZxf5c,49,56
82rggZxf5c,61,55
82rggZxf5c,67,54
8BdlWK9mvn,77,36
8BdlWK9mvn,77,35
8BdlWK9mvn,86,31
8BdlWK9mvn,68,32
8BdlWK9mvn,78,38
8BdlWK9mvn,74,40
8BdlWK9mvn,55,5
8BdlWK9mvn,41,33
8BdlWK9mvn,46,6
8BdlWK9mvn,56,4
8BdlWK9mvn,47,10
8BdlWK9mvn,74,34
8BdlWK9mvn,96,39
8BdlWK9mvn,57,7
8BdlWK9mvn,9,9
8BdlWK9mvn,103,8
8BdlWK9mvn,87,1
8BdlWK9mvn,63,3
8BdlWK9mvn,56,2
8BdlWK9mvn,100,37
8uv1aK9btU,76,73
8uv1aK9btU,94,72
8uv1aK9btU,70,46
8uv1aK9btU,98,44
8uv1aK9btU,91,45
8uv1aK9btU,83,47
8uv1aK9btU,114,75
8uv1aK9btU,62,74
8uv1aK9btU,26,43
8uv1aK9btU,99,42
8uv1aK9btU,65,41
8uv1aK9btU,84,70
8uv1aK9btU,88,71
9mCMQL1myp,48,51
9mCMQL1myp,97,50
9mCMQL1myp,54,25
9mCMQL1myp,84,26
9mCMQL1myp,24,24
9mCMQL1myp,46,30
9mCMQL1myp,81,53
9mCMQL1myp,72,52
9mCMQL1myp,26,27
9mCMQL1myp,1,29
9mCMQL1myp,48,28
9mCMQL1myp,37,21
9mCMQL1myp,47,23
9mCMQL1myp,92,22
9mCMQL1myp,63,48
9mCMQL1myp,73,49
9wHtriXf8s,-1,61
9wHtriXf8s,-1,60
9wHtriXf8s,46,58
9wHtriXf8s,-1,59
9wHtriXf8s,22,57
9wHtriXf8s,89,56
9wHtriXf8s,83,55
9wHtriXf8s,73,54
A1Kcf8Z1u3,58,36
A1Kcf8Z1u3,67,35
A1Kcf8Z1u3,62,31
A1Kcf8Z1u3,95,32
A1Kcf8Z1u3,66,38
A1Kcf8Z1u3,94,40
A1Kcf8Z1u3,47,5
A1Kcf8Z1u3,98,33
A1Kcf8Z1u3,93,6
A1Kcf8Z1u3,83,4
A1Kcf8Z1u3,80,10
A1Kcf8Z1u3,88,34
A1Kcf8Z1u3,58,39
A1Kcf8Z1u3,30,7
A1Kcf8Z1u3,9,9
A1Kcf8Z1u3,106,8
A1Kcf8Z1u3,78,1
A1Kcf8Z1u3,70,3
A1Kcf8Z1u3,67,2
A1Kcf8Z1u3,98,37
A3mMrNEFsy,-1,67
A3mMrNEFsy,-1,68
A3mMrNEFsy,-1,69
A3mMrNEFsy,68,64
A3mMrNEFsy,56,66
A3mMrNEFsy,75,63
A3mMrNEFsy,58,65
A3mMrNEFsy,62,62
aDQQtN7BnB,40,36
aDQQtN7BnB,90,35
aDQQtN7BnB,86,31
aDQQtN7BnB,74,32
aDQQtN7BnB,51,38
aDQQtN7BnB,93,40
aDQQtN7BnB,47,15
aDQQtN7BnB,58,33
aDQQtN7BnB,77,16
aDQQtN7BnB,65,14
aDQQtN7BnB,84,20
aDQQtN7BnB,54,34
aDQQtN7BnB,62,39
aDQQtN7BnB,53,17
aDQQtN7BnB,7,19
aDQQtN7BnB,86,18
aDQQtN7BnB,90,11
aDQQtN7BnB,72,13
aDQQtN7BnB,78,12
aDQQtN7BnB,77,37
aKtF7xlCjb,47,51
aKtF7xlCjb,91,50
aKtF7xlCjb,48,25
aKtF7xlCjb,58,26
aKtF7xlCjb,26,24
aKtF7xlCjb,37,30
aKtF7xlCjb,142,53
aKtF7xlCjb,63,52
aKtF7xlCjb,29,27
aKtF7xlCjb,7,29
aKtF7xlCjb,130,28
aKtF7xlCjb,95,21
aKtF7xlCjb,92,23
aKtF7xlCjb,71,22
aKtF7xlCjb,99,48
aKtF7xlCjb,93,49
AnRRwDoMFm,62,73
AnRRwDoMFm,85,72
AnRRwDoMFm,94,46
AnRRwDoMFm,95,44
AnRRwDoMFm,50,45
AnRRwDoMFm,89,47
AnRRwDoMFm,123,75
AnRRwDoMFm,93,74
AnRRwDoMFm,20,43
AnRRwDoMFm,71,42
AnRRwDoMFm,91,41
AnRRwDoMFm,77,70
AnRRwDoMFm,65,71
AyZm6kgtLQ,-1,61
AyZm6kgtLQ,-1,60
AyZm6kgtLQ,67,58
AyZm6kgtLQ,-1,59
AyZm6kgtLQ,49,57
AyZm6kgtLQ,89,56
AyZm6kgtLQ,78,55
AyZm6kgtLQ,67,54
bCSKEQsp82,-1,67
bCSKEQsp82,-1,68
bCSKEQsp82,-1,69
bCSKEQsp82,98,64
bCSKEQsp82,60,66
bCSKEQsp82,68,63
bCSKEQsp82,54,46
bCSKEQsp82,56,44
bCSKEQsp82,72,45
bCSKEQsp82,55,65
bCSKEQsp82,79,47
bCSKEQsp82,9,43
bCSKEQsp82,60,42
bCSKEQsp82,98,41
bCSKEQsp82,98,62
bSZa17FK2l,-1,67
bSZa17FK2l,-1,68
bSZa17FK2l,-1,69
bSZa17FK2l,89,64
bSZa17FK2l,94,66
bSZa17FK2l,97,63
bSZa17FK2l,89,65
bSZa17FK2l,67,62
cp5asEx6KR,89,73
cp5asEx6KR,100,72
cp5asEx6KR,96,46
cp5asEx6KR,69,44
cp5asEx6KR,97,45
cp5asEx6KR,78,47
cp5asEx6KR,116,75
cp5asEx6KR,77,74
cp5asEx6KR,48,43
cp5asEx6KR,86,42
cp5asEx6KR,97,41
cp5asEx6KR,69,70
cp5asEx6KR,70,71
DlK1RDF6DZ,40,15
DlK1RDF6DZ,67,16
DlK1RDF6DZ,72,14
DlK1RDF6DZ,92,20
DlK1RDF6DZ,49,17
DlK1RDF6DZ,3,19
DlK1RDF6DZ,57,18
DlK1RDF6DZ,69,11
DlK1RDF6DZ,51,13
DlK1RDF6DZ,61,12
ECk9NPOnC1,69,36
ECk9NPOnC1,69,35
ECk9NPOnC1,60,31
ECk9NPOnC1,81,32
ECk9NPOnC1,61,38
ECk9NPOnC1,51,40
ECk9NPOnC1,43,5
ECk9NPOnC1,88,33
ECk9NPOnC1,86,6
ECk9NPOnC1,94,4
ECk9NPOnC1,64,10
ECk9NPOnC1,93,34
ECk9NPOnC1,86,39
ECk9NPOnC1,53,7
ECk9NPOnC1,0,9
ECk9NPOnC1,103,8
ECk9NPOnC1,88,1
ECk9NPOnC1,97,3
ECk9NPOnC1,60,2
ECk9NPOnC1,67,37
EIBGkZJ8LU,76,73
EIBGkZJ8LU,89,72
EIBGkZJ8LU,91,46
EIBGkZJ8LU,64,44
EIBGkZJ8LU,46,45
EIBGkZJ8LU,120,47
EIBGkZJ8LU,91,75
EIBGkZJ8LU,45,74
EIBGkZJ8LU,49,43
EIBGkZJ8LU,96,42
EIBGkZJ8LU,50,41
EIBGkZJ8LU,65,70
EIBGkZJ8LU,96,71
erGZXNCSa8,86,51
erGZXNCSa8,90,50
erGZXNCSa8,34,25
erGZXNCSa8,78,26
erGZXNCSa8,22,24
erGZXNCSa8,91,30
erGZXNCSa8,109,53
erGZXNCSa8,68,52
erGZXNCSa8,35,27
erGZXNCSa8,2,29
erGZXNCSa8,121,28
erGZXNCSa8,39,21
erGZXNCSa8,71,23
erGZXNCSa8,35,22
erGZXNCSa8,69,48
erGZXNCSa8,49,49
EWUS9AaKts,22,15
EWUS9AaKts,63,16
EWUS9AaKts,98,14
EWUS9AaKts,54,20
EWUS9AaKts,32,17
EWUS9AaKts,4,19
EWUS9AaKts,119,18
EWUS9AaKts,89,11
EWUS9AaKts,54,13
EWUS9AaKts,67,12
F8SGo1rfbJ,81,36
F8SGo1rfbJ,91,35
F8SGo1rfbJ,86,31
F8SGo1rfbJ,93,32
F8SGo1rfbJ,70,38
F8SGo1rfbJ,53,40
F8SGo1rfbJ,26,15
F8SGo1rfbJ,89,33
F8SGo1rfbJ,53,16
F8SGo1rfbJ,92,14
F8SGo1rfbJ,99,20
F8SGo1rfbJ,31,34
F8SGo1rfbJ,36,39
F8SGo1rfbJ,43,17
F8SGo1rfbJ,6,19
F8SGo1rfbJ,71,18
F8SGo1rfbJ,81,11
F8SGo1rfbJ,53,13
F8SGo1rfbJ,91,12
F8SGo1rfbJ,40,37
fe20lUruvB,70,73
fe20lUruvB,48,72
fe20lUruvB,47,46
fe20lUruvB,50,44
fe20lUruvB,65,45
fe20lUruvB,115,47
fe20lUruvB,101,75
fe20lUruvB,62,74
fe20lUruvB,8,43
fe20lUruvB,55,42
fe20lUruvB,78,41
fe20lUruvB,75,70
fe20lUruvB,94,71
ffD2jzc574,-1,61
ffD2jzc574,-1,60
ffD2jzc574,80,58
ffD2jzc574,-1,59
ffD2jzc574,46,57
ffD2jzc574,55,56
ffD2jzc574,51,55
ffD2jzc574,81,54
FGVfybCruk,34,25
FGVfybCruk,21,26
FGVfybCruk,99,24
FGVfybCruk,41,30
FGVfybCruk,38,27
FGVfybCruk,2,29
FGVfybCruk,132,28
FGVfybCruk,44,21
FGVfybCruk,40,23
FGVfybCruk,28,22
fk7USWbA60,-1,67
fk7USWbA60,-1,68
fk7USWbA60,-1,69
fk7USWbA60,87,64
fk7USWbA60,83,66
fk7USWbA60,93,63
fk7USWbA60,63,65
fk7USWbA60,75,62
g0aGB2MNq6,45,51
g0aGB2MNq6,82,50
g0aGB2MNq6,26,25
g0aGB2MNq6,79,26
g0aGB2MNq6,56,24
g0aGB2MNq6,63,30
g0aGB2MNq6,54,53
g0aGB2MNq6,87,52
g0aGB2MNq6,59,27
g0aGB2MNq6,8,29
g0aGB2MNq6,94,28
g0aGB2MNq6,89,21
g0aGB2MNq6,71,23
g0aGB2MNq6,47,22
g0aGB2MNq6,79,48
g0aGB2MNq6,69,49
hEp6l3yRkB,23,36
hEp6l3yRkB,26,35
hEp6l3yRkB,56,31
hEp6l3yRkB,71,32
hEp6l3yRkB,68,38
hEp6l3yRkB,66,40
hEp6l3yRkB,57,5
hEp6l3yRkB,96,33
hEp6l3yRkB,83,6
hEp6l3yRkB,68,4
hEp6l3yRkB,24,10
hEp6l3yRkB,41,34
hEp6l3yRkB,97,39
hEp6l3yRkB,23,7
hEp6l3yRkB,8,9
hEp6l3yRkB,135,8
hEp6l3yRkB,73,1
hEp6l3yRkB,73,3
hEp6l3yRkB,88,2
hEp6l3yRkB,75,37
I8k5HwpLlU,67,73
I8k5HwpLlU,51,72
I8k5HwpLlU,69,46
I8k5HwpLlU,91,44
I8k5HwpLlU,92,45
I8k5HwpLlU,76,47
I8k5HwpLlU,52,75
I8k5HwpLlU,81,74
I8k5HwpLlU,21,43
I8k5HwpLlU,87,42
I8k5HwpLlU,71,41
I8k5HwpLlU,91,70
I8k5HwpLlU,65,71
iep724zbM3,20,15
iep724zbM3,96,16
iep724zbM3,35,14
iep724zbM3,79,20
iep724zbM3,47,17
iep724zbM3,5,19
iep724zbM3,101,18
iep724zbM3,63,11
iep724zbM3,87,13
iep724zbM3,61,12
ixYZCGpl5D,45,36
ixYZCGpl5D,39,35
ixYZCGpl5D,64,31
ixYZCGpl5D,45,32
ixYZCGpl5D,70,38
ixYZCGpl5D,21,40
ixYZCGpl5D,36,15
ixYZCGpl5D,22,33
ixYZCGpl5D,73,16
ixYZCGpl5D,66,14
ixYZCGpl5D,58,20
ixYZCGpl5D,32,34
ixYZCGpl5D,57,39
ixYZCGpl5D,53,17
ixYZCGpl5D,3,19
ixYZCGpl5D,65,18
ixYZCGpl5D,58,11
ixYZCGpl5D,86,13
ixYZCGpl5D,45,12
ixYZCGpl5D,66,37
ize3lkeNiR,-1,67
ize3lkeNiR,-1,68
ize3lkeNiR,-1,69
ize3lkeNiR,94,64
ize3lkeNiR,92,66
ize3lkeNiR,86,63
ize3lkeNiR,86,65
ize3lkeNiR,71,62
j3BjhOJA0K,-1,61
j3BjhOJA0K,-1,60
j3BjhOJA0K,43,58
j3BjhOJA0K,-1,59
j3BjhOJA0K,34,57
j3BjhOJA0K,65,56
j3BjhOJA0K,66,55
j3BjhOJA0K,92,54
JEdJCRTwMu,38,36
JEdJCRTwMu,70,35
JEdJCRTwMu,86,31
JEdJCRTwMu,77,32
JEdJCRTwMu,21,38
JEdJCRTwMu,40,40
JEdJCRTwMu,45,15
JEdJCRTwMu,62,33
JEdJCRTwMu,92,16
JEdJCRTwMu,78,14
JEdJCRTwMu,96,20
JEdJCRTwMu,45,34
JEdJCRTwMu,47,39
JEdJCRTwMu,43,17
JEdJCRTwMu,6,19
JEdJCRTwMu,141,18
JEdJCRTwMu,98,11
JEdJCRTwMu,97,13
JEdJCRTwMu,52,12
JEdJCRTwMu,24,37
k4hG2bKBi2,57,73
k4hG2bKBi2,68,72
k4hG2bKBi2,47,46
k4hG2bKBi2,72,44
k4hG2bKBi2,89,45
k4hG2bKBi2,64,47
k4hG2bKBi2,57,75
k4hG2bKBi2,78,74
k4hG2bKBi2,45,43
k4hG2bKBi2,90,42
k4hG2bKBi2,47,41
k4hG2bKBi2,69,70
k4hG2bKBi2,85,71
Ki437ImMiB,62,51
Ki437ImMiB,83,50
Ki437ImMiB,25,25
Ki437ImMiB,58,26
Ki437ImMiB,65,24
Ki437ImMiB,95,30
Ki437ImMiB,95,53
Ki437ImMiB,51,52
Ki437ImMiB,54,27
Ki437ImMiB,0,29
Ki437ImMiB,121,28
Ki437ImMiB,96,21
Ki437ImMiB,56,23
Ki437ImMiB,99,22
Ki437ImMiB,67,48
Ki437ImMiB,53,49
kJQAvxlegv,73,73
kJQAvxlegv,72,72
kJQAvxlegv,94,46
kJQAvxlegv,100,44
kJQAvxlegv,87,45
kJQAvxlegv,115,47
kJQAvxlegv,68,75
kJQAvxlegv,74,74
kJQAvxlegv,19,43
kJQAvxlegv,56,42
kJQAvxlegv,94,41
kJQAvxlegv,69,70
kJQAvxlegv,78,71
l8Ck5AEii7,60,73
l8Ck5AEii7,49,72
l8Ck5AEii7,95,46
l8Ck5AEii7,87,44
l8Ck5AEii7,67,45
l8Ck5AEii7,110,47
l8Ck5AEii7,84,75
l8Ck5AEii7,62,74
l8Ck5AEii7,48,43
l8Ck5AEii7,65,42
l8Ck5AEii7,55,41
l8Ck5AEii7,46,70
l8Ck5AEii7,88,71
l8fb19WIds,55,15
l8fb19WIds,82,16
l8fb19WIds,88,14
l8fb19WIds,79,20
l8fb19WIds,24,17
l8fb19WIds,7,19
l8fb19WIds,138,18
l8fb19WIds,88,11
l8fb19WIds,92,13
l8fb19WIds,70,12
LbOIaCTwOR,40,36
LbOIaCTwOR,45,35
LbOIaCTwOR,98,31
LbOIaCTwOR,71,32
LbOIaCTwOR,93,38
LbOIaCTwOR,54,40
LbOIaCTwOR,35,15
LbOIaCTwOR,46,33
LbOIaCTwOR,41,16
LbOIaCTwOR,94,14
LbOIaCTwOR,36,20
LbOIaCTwOR,81,34
LbOIaCTwOR,72,39
LbOIaCTwOR,59,17
LbOIaCTwOR,3,19
LbOIaCTwOR,146,18
LbOIaCTwOR,78,11
LbOIaCTwOR,89,13
LbOIaCTwOR,69,12
LbOIaCTwOR,33,37
lKOmgoDP5M,46,46
lKOmgoDP5M,71,44
lKOmgoDP5M,50,45
lKOmgoDP5M,66,47
lKOmgoDP5M,30,43
lKOmgoDP5M,84,42
lKOmgoDP5M,82,41
loWO7ep40W,-1,61
loWO7ep40W,-1,60
loWO7ep40W,65,58
loWO7ep40W,-1,59
loWO7ep40W,52,57
loWO7ep40W,96,56
loWO7ep40W,84,55
loWO7ep40W,78,54
LRH33DL7sR,-1,61
LRH33DL7sR,-1,60
LRH33DL7sR,43,58
LRH33DL7sR,-1,59
LRH33DL7sR,29,57
LRH33DL7sR,54,56
LRH33DL7sR,70,55
LRH33DL7sR,63,54
MMNPTkNHZg,60,73
MMNPTkNHZg,59,72
MMNPTkNHZg,62,46
MMNPTkNHZg,74,44
MMNPTkNHZg,78,45
MMNPTkNHZg,71,47
MMNPTkNHZg,132,75
MMNPTkNHZg,58,74
MMNPTkNHZg,43,43
MMNPTkNHZg,100,42
MMNPTkNHZg,100,41
MMNPTkNHZg,71,70
MMNPTkNHZg,74,71
MvygDkC5GZ,31,25
MvygDkC5GZ,71,26
MvygDkC5GZ,76,24
MvygDkC5GZ,84,30
MvygDkC5GZ,23,27
MvygDkC5GZ,0,29
MvygDkC5GZ,94,28
MvygDkC5GZ,44,21
MvygDkC5GZ,36,23
MvygDkC5GZ,71,22
nlNo3Ifie2,72,73
nlNo3Ifie2,74,72
nlNo3Ifie2,80,46
nlNo3Ifie2,81,44
nlNo3Ifie2,88,45
nlNo3Ifie2,73,47
nlNo3Ifie2,146,75
nlNo3Ifie2,96,74
nlNo3Ifie2,6,43
nlNo3Ifie2,71,42
nlNo3Ifie2,88,41
nlNo3Ifie2,96,70
nlNo3Ifie2,78,71
OcbMCqoATE,77,51
OcbMCqoATE,92,50
OcbMCqoATE,34,25
OcbMCqoATE,23,26
OcbMCqoATE,56,24
OcbMCqoATE,71,30
OcbMCqoATE,57,53
OcbMCqoATE,82,52
OcbMCqoATE,60,27
OcbMCqoATE,0,29
OcbMCqoATE,80,28
OcbMCqoATE,35,21
OcbMCqoATE,59,23
OcbMCqoATE,93,22
OcbMCqoATE,47,48
OcbMCqoATE,78,49
OhfDW5FQet,80,73
OhfDW5FQet,79,72
OhfDW5FQet,87,46
OhfDW5FQet,84,44
OhfDW5FQet,61,45
OhfDW5FQet,90,47
OhfDW5FQet,105,75
OhfDW5FQet,68,74
OhfDW5FQet,27,43
OhfDW5FQet,77,42
OhfDW5FQet,79,41
OhfDW5FQet,96,70
OhfDW5FQet,96,71
Oojd410rxz,-1,61
Oojd410rxz,-1,60
Oojd410rxz,81,58
Oojd410rxz,-1,59
Oojd410rxz,50,57
Oojd410rxz,69,56
Oojd410rxz,95,55
Oojd410rxz,79,54
P80TDV5kec,56,51
P80TDV5kec,53,50
P80TDV5kec,49,25
P80TDV5kec,30,26
P80TDV5kec,64,24
P80TDV5kec,77,30
P80TDV5kec,142,53
P80TDV5kec,67,52
P80TDV5kec,46,27
P80TDV5kec,6,29
P80TDV5kec,39,28
P80TDV5kec,69,21
P80TDV5kec,55,23
P80TDV5kec,100,22
P80TDV5kec,80,48
P80TDV5kec,57,49
pAA8hhbaAf,59,73
pAA8hhbaAf,49,72
pAA8hhbaAf,92,46
pAA8hhbaAf,99,44
pAA8hhbaAf,71,45
pAA8hhbaAf,88,47
pAA8hhbaAf,115,75
pAA8hhbaAf,81,74
pAA8hhbaAf,7,43
pAA8hhbaAf,75,42
pAA8hhbaAf,45,41
pAA8hhbaAf,48,70
pAA8hhbaAf,90,71
piajOfWMIT,93,46
piajOfWMIT,86,44
piajOfWMIT,99,45
piajOfWMIT,109,47
piajOfWMIT,27,43
piajOfWMIT,68,42
piajOfWMIT,61,41
PiQvBSPut9,59,51
PiQvBSPut9,78,50
PiQvBSPut9,30,25
PiQvBSPut9,56,26
PiQvBSPut9,67,24
PiQvBSPut9,53,30
PiQvBSPut9,114,53
PiQvBSPut9,71,52
PiQvBSPut9,26,27
PiQvBSPut9,6,29
PiQvBSPut9,120,28
PiQvBSPut9,70,21
PiQvBSPut9,66,23
PiQvBSPut9,91,22
PiQvBSPut9,94,48
PiQvBSPut9,70,49
pSE2USVUGe,51,51
pSE2USVUGe,96,50
pSE2USVUGe,36,25
pSE2USVUGe,53,26
pSE2USVUGe,67,24
pSE2USVUGe,77,30
pSE2USVUGe,85,53
pSE2USVUGe,70,52
pSE2USVUGe,34,27
pSE2USVUGe,4,29
pSE2USVUGe,105,28
pSE2USVUGe,73,21
pSE2USVUGe,88,23
pSE2USVUGe,52,22
pSE2USVUGe,53,48
pSE2USVUGe,47,49
q24FfeogSR,-1,67
q24FfeogSR,-1,68
q24FfeogSR,-1,69
q24FfeogSR,87,64
q24FfeogSR,40,66
q24FfeogSR,86,63
q24FfeogSR,53,46
q24FfeogSR,56,44
q24FfeogSR,86,45
q24FfeogSR,45,65
q24FfeogSR,108,47
q24FfeogSR,32,43
q24FfeogSR,98,42
q24FfeogSR,75,41
q24FfeogSR,98,62
Q5zYQSo07T,76,36
Q5zYQSo07T,67,35
Q5zYQSo07T,78,31
Q5zYQSo07T,78,32
Q5zYQSo07T,53,38
Q5zYQSo07T,66,40
Q5zYQSo07T,30,5
Q5zYQSo07T,83,33
Q5zYQSo07T,62,6
Q5zYQSo07T,77,4
Q5zYQSo07T,70,10
Q5zYQSo07T,93,34
Q5zYQSo07T,91,39
Q5zYQSo07T,47,7
Q5zYQSo07T,3,9
Q5zYQSo07T,91,8
Q5zYQSo07T,73,1
Q5zYQSo07T,40,3
Q5zYQSo07T,82,2
Q5zYQSo07T,43,37
qBhsb9AT1D,-1,61
qBhsb9AT1D,-1,60
qBhsb9AT1D,82,58
qBhsb9AT1D,-1,59
qBhsb9AT1D,30,57
qBhsb9AT1D,97,56
qBhsb9AT1D,73,55
qBhsb9AT1D,73,54
qjAClhRo8T,62,73
qjAClhRo8T,76,72
qjAClhRo8T,92,46
qjAClhRo8T,60,44
qjAClhRo8T,75,45
qjAClhRo8T,81,47
qjAClhRo8T,93,75
qjAClhRo8T,46,74
qjAClhRo8T,16,43
qjAClhRo8T,66,42
qjAClhRo8T,86,41
qjAClhRo8T,47,70
qjAClhRo8T,58,71
QrcaEXMLnx,56,25
QrcaEXMLnx,36,26
QrcaEXMLnx,55,24
QrcaEXMLnx,52,30
QrcaEXMLnx,48,27
QrcaEXMLnx,7,29
QrcaEXMLnx,40,28
QrcaEXMLnx,89,21
QrcaEXMLnx,76,23
QrcaEXMLnx,95,22
qSaWq5Khmt,30,36
qSaWq5Khmt,45,35
qSaWq5Khmt,59,31
qSaWq5Khmt,52,32
qSaWq5Khmt,44,38
qSaWq5Khmt,44,40
qSaWq5Khmt,29,15
qSaWq5Khmt,42,33
qSaWq5Khmt,77,16
qSaWq5Khmt,50,14
qSaWq5Khmt,49,20
qSaWq5Khmt,64,34
qSaWq5Khmt,68,39
qSaWq5Khmt,59,17
qSaWq5Khmt,6,19
qSaWq5Khmt,149,18
qSaWq5Khmt,78,11
qSaWq5Khmt,68,13
qSaWq5Khmt,90,12
qSaWq5Khmt,74,37
QVsfnLS8nP,82,73
QVsfnLS8nP,80,72
QVsfnLS8nP,93,46
QVsfnLS8nP,92,44
QVsfnLS8nP,99,45
QVsfnLS8nP,119,47
QVsfnLS8nP,67,75
QVsfnLS8nP,54,74
QVsfnLS8nP,29,43
QVsfnLS8nP,71,42
QVsfnLS8nP,96,41
QVsfnLS8nP,61,70
QVsfnLS8nP,70,71
RCkC4TjYNZ,-1,61
RCkC4TjYNZ,-1,60
RCkC4TjYNZ,50,58
RCkC4TjYNZ,-1,59
RCkC4TjYNZ,28,57
RCkC4TjYNZ,92,56
RCkC4TjYNZ,83,55
RCkC4TjYNZ,87,54
Rjuqf7P3nX,54,36
Rjuqf7P3nX,74,35
Rjuqf7P3nX,100,31
Rjuqf7P3nX,92,32
Rjuqf7P3nX,85,38
Rjuqf7P3nX,59,40
Rjuqf7P3nX,24,5
Rjuqf7P3nX,86,33
Rjuqf7P3nX,73,6
Rjuqf7P3nX,67,4
Rjuqf7P3nX,90,10
Rjuqf7P3nX,78,34
Rjuqf7P3nX,67,39
Rjuqf7P3nX,28,7
Rjuqf7P3nX,8,9
Rjuqf7P3nX,126,8
Rjuqf7P3nX,96,1
Rjuqf7P3nX,94,3
Rjuqf7P3nX,71,2
Rjuqf7P3nX,58,37
rRMSF0EH7d,48,15
rRMSF0EH7d,83,16
rRMSF0EH7d,64,14
rRMSF0EH7d,78,20
rRMSF0EH7d,28,17
rRMSF0EH7d,1,19
rRMSF0EH7d,42,18
rRMSF0EH7d,71,11
rRMSF0EH7d,68,13
rRMSF0EH7d,75,12
RtDWbzvtoo,-1,67
RtDWbzvtoo,-1,68
RtDWbzvtoo,-1,69
RtDWbzvtoo,46,64
RtDWbzvtoo,60,66
RtDWbzvtoo,34,63
RtDWbzvtoo,46,46
RtDWbzvtoo,78,44
RtDWbzvtoo,89,45
RtDWbzvtoo,100,65
RtDWbzvtoo,80,47
RtDWbzvtoo,50,43
RtDWbzvtoo,55,42
RtDWbzvtoo,64,41
RtDWbzvtoo,98,62
RwKSObZt8b,73,73
RwKSObZt8b,100,72
RwKSObZt8b,77,46
RwKSObZt8b,82,44
RwKSObZt8b,60,45
RwKSObZt8b,95,47
RwKSObZt8b,120,75
RwKSObZt8b,93,74
RwKSObZt8b,44,43
RwKSObZt8b,60,42
RwKSObZt8b,96,41
RwKSObZt8b,80,70
RwKSObZt8b,99,71
RxNqRHaaoI,94,73
RxNqRHaaoI,79,72
RxNqRHaaoI,58,46
RxNqRHaaoI,67,44
RxNqRHaaoI,53,45
RxNqRHaaoI,44,47
RxNqRHaaoI,134,75
RxNqRHaaoI,86,74
RxNqRHaaoI,35,43
RxNqRHaaoI,85,42
RxNqRHaaoI,98,41
RxNqRHaaoI,77,70
RxNqRHaaoI,63,71
s8jX7v1r9L,98,36
s8jX7v1r9L,39,35
s8jX7v1r9L,77,31
s8jX7v1r9L,88,32
s8jX7v1r9L,84,38
s8jX7v1r9L,52,40
s8jX7v1r9L,21,15
s8jX7v1r9L,49,33
s8jX7v1r9L,76,16
s8jX7v1r9L,35,14
s8jX7v1r9L,58,20
s8jX7v1r9L,91,34
s8jX7v1r9L,27,39
s8jX7v1r9L,36,17
s8jX7v1r9L,1,19
s8jX7v1r9L,120,18
s8jX7v1r9L,80,11
s8jX7v1r9L,64,13
s8jX7v1r9L,46,12
s8jX7v1r9L,65,37
SGDgfAoZn8,-1,61
SGDgfAoZn8,-1,60
SGDgfAoZn8,43,58
SGDgfAoZn8,-1,59
SGDgfAoZn8,59,57
SGDgfAoZn8,97,56
SGDgfAoZn8,82,55
SGDgfAoZn8,90,54
stB2damzF1,29,36
stB2damzF1,85,35
stB2damzF1,57,31
stB2damzF1,92,32
stB2damzF1,34,38
stB2damzF1,38,40
stB2damzF1,41,5
stB2damzF1,67,33
stB2damzF1,22,6
stB2damzF1,50,4
stB2damzF1,28,10
stB2damzF1,88,34
stB2damzF1,43,39
stB2damzF1,56,7
stB2damzF1,7,9
stB2damzF1,124,8
stB2damzF1,94,1
stB2damzF1,70,3
stB2damzF1,47,2
stB2damzF1,54,37
Sx6sqg2Av5,-1,61
Sx6sqg2Av5,-1,60
Sx6sqg2Av5,89,58
Sx6sqg2Av5,-1,59
Sx6sqg2Av5,56,57
Sx6sqg2Av5,46,56
Sx6sqg2Av5,50,55
Sx6sqg2Av5,96,54
tmil3gYi8I,80,36
tmil3gYi8I,43,35
tmil3gYi8I,74,31
tmil3gYi8I,47,32
tmil3gYi8I,25,38
tmil3gYi8I,90,40
tmil3gYi8I,41,5
tmil3gYi8I,99,33
tmil3gYi8I,22,6
tmil3gYi8I,54,4
tmil3gYi8I,58,10
tmil3gYi8I,62,34
tmil3gYi8I,42,39
tmil3gYi8I,41,7
tmil3gYi8I,3,9
tmil3gYi8I,120,8
tmil3gYi8I,55,1
tmil3gYi8I,92,3
tmil3gYi8I,56,2
tmil3gYi8I,97,37
tmt3aPs20s,96,51
tmt3aPs20s,60,50
tmt3aPs20s,33,25
tmt3aPs20s,86,26
tmt3aPs20s,88,24
tmt3aPs20s,64,30
tmt3aPs20s,144,53
tmt3aPs20s,66,52
tmt3aPs20s,51,27
tmt3aPs20s,1,29
tmt3aPs20s,103,28
tmt3aPs20s,95,21
tmt3aPs20s,96,23
tmt3aPs20s,83,22
tmt3aPs20s,67,48
tmt3aPs20s,63,49
ujARr06uDs,-1,67
ujARr06uDs,-1,68
ujARr06uDs,-1,69
ujARr06uDs,66,64
ujARr06uDs,92,66
ujARr06uDs,91,63
ujARr06uDs,85,46
ujARr06uDs,80,44
ujARr06uDs,57,45
ujARr06uDs,88,65
ujARr06uDs,114,47
ujARr06uDs,22,43
ujARr06uDs,97,42
ujARr06uDs,51,41
ujARr06uDs,98,62
UPLEFa48ob,90,51
UPLEFa48ob,86,50
UPLEFa48ob,46,25
UPLEFa48ob,50,26
UPLEFa48ob,62,24
UPLEFa48ob,20,30
UPLEFa48ob,99,53
UPLEFa48ob,84,52
UPLEFa48ob,39,27
UPLEFa48ob,10,29
UPLEFa48ob,73,28
UPLEFa48ob,29,21
UPLEFa48ob,88,23
UPLEFa48ob,91,22
UPLEFa48ob,90,48
UPLEFa48ob,81,49
UuUxEvmxXO,-1,61
UuUxEvmxXO,-1,60
UuUxEvmxXO,76,58
UuUxEvmxXO,-1,59
UuUxEvmxXO,56,57
UuUxEvmxXO,95,56
UuUxEvmxXO,52,55
UuUxEvmxXO,75,54
UX8dL9oWOH,62,51
UX8dL9oWOH,74,50
UX8dL9oWOH,24,25
UX8dL9oWOH,46,26
UX8dL9oWOH,97,24
UX8dL9oWOH,49,30
UX8dL9oWOH,114,53
UX8dL9oWOH,56,52
UX8dL9oWOH,22,27
UX8dL9oWOH,0,29
UX8dL9oWOH,55,28
UX8dL9oWOH,85,21
UX8dL9oWOH,45,23
UX8dL9oWOH,62,22
UX8dL9oWOH,59,48
UX8dL9oWOH,83,49
uZfhzJCf3Q,47,51
uZfhzJCf3Q,86,50
uZfhzJCf3Q,38,25
uZfhzJCf3Q,32,26
uZfhzJCf3Q,64,24
uZfhzJCf3Q,99,30
uZfhzJCf3Q,124,53
uZfhzJCf3Q,55,52
uZfhzJCf3Q,48,27
uZfhzJCf3Q,4,29
uZfhzJCf3Q,22,28
uZfhzJCf3Q,30,21
uZfhzJCf3Q,48,23
uZfhzJCf3Q,86,22
uZfhzJCf3Q,98,48
uZfhzJCf3Q,46,49
v9ksRoAENe,79,73
v9ksRoAENe,90,72
v9ksRoAENe,64,46
v9ksRoAENe,49,44
v9ksRoAENe,93,45
v9ksRoAENe,77,47
v9ksRoAENe,116,75
v9ksRoAENe,84,74
v9ksRoAENe,36,43
v9ksRoAENe,81,42
v9ksRoAENe,95,41
v9ksRoAENe,90,70
v9ksRoAENe,81,71
VkA4Ln4RP8,93,51
VkA4Ln4RP8,52,50
VkA4Ln4RP8,46,25
VkA4Ln4RP8,58,26
VkA4Ln4RP8,23,24
VkA4Ln4RP8,76,30
VkA4Ln4RP8,135,53
VkA4Ln4RP8,65,52
VkA4Ln4RP8,42,27
VkA4Ln4RP8,1,29
VkA4Ln4RP8,115,28
VkA4Ln4RP8,99,21
VkA4Ln4RP8,30,23
VkA4Ln4RP8,79,22
VkA4Ln4RP8,92,48
VkA4Ln4RP8,70,49
vMCwbZJ5UI,85,51
vMCwbZJ5UI,99,50
vMCwbZJ5UI,29,25
vMCwbZJ5UI,23,26
vMCwbZJ5UI,75,24
vMCwbZJ5UI,85,30
vMCwbZJ5UI,77,53
vMCwbZJ5UI,93,52
vMCwbZJ5UI,26,27
vMCwbZJ5UI,7,29
vMCwbZJ5UI,68,28
vMCwbZJ5UI,61,21
vMCwbZJ5UI,93,23
vMCwbZJ5UI,70,22
vMCwbZJ5UI,69,48
vMCwbZJ5UI,68,49
vrSPzDaBog,31,36
vrSPzDaBog,88,35
vrSPzDaBog,48,31
vrSPzDaBog,76,32
vrSPzDaBog,72,38
vrSPzDaBog,40,40
vrSPzDaBog,57,5
vrSPzDaBog,65,33
vrSPzDaBog,56,6
vrSPzDaBog,47,4
vrSPzDaBog,41,10
vrSPzDaBog,75,34
vrSPzDaBog,46,39
vrSPzDaBog,33,7
vrSPzDaBog,8,9
vrSPzDaBog,107,8
vrSPzDaBog,46,1
vrSPzDaBog,64,3
vrSPzDaBog,51,2
vrSPzDaBog,62,37
Vv5mvmR93y,87,51
Vv5mvmR93y,79,50
Vv5mvmR93y,52,25
Vv5mvmR93y,77,26
Vv5mvmR93y,84,24
Vv5mvmR93y,88,30
Vv5mvmR93y,61,53
Vv5mvmR93y,59,52
Vv5mvmR93y,50,27
Vv5mvmR93y,3,29
Vv5mvmR93y,125,28
Vv5mvmR93y,36,21
Vv5mvmR93y,55,23
Vv5mvmR93y,85,22
Vv5mvmR93y,89,48
Vv5mvmR93y,87,49
VxX7KCsBEi,44,25
VxX7KCsBEi,47,26
VxX7KCsBEi,97,24
VxX7KCsBEi,58,30
VxX7KCsBEi,27,27
VxX7KCsBEi,9,29
VxX7KCsBEi,108,28
VxX7KCsBEi,70,21
VxX7KCsBEi,70,23
VxX7KCsBEi,95,22
w4xX1lvTG7,47,36
w4xX1lvTG7,62,35
w4xX1lvTG7,75,31
w4xX1lvTG7,89,32
w4xX1lvTG7,48,38
w4xX1lvTG7,93,40
w4xX1lvTG7,25,15
w4xX1lvTG7,58,33
w4xX1lvTG7,99,16
w4xX1lvTG7,39,14
w4xX1lvTG7,86,20
w4xX1lvTG7,83,34
w4xX1lvTG7,62,39
w4xX1lvTG7,30,17
w4xX1lvTG7,3,19
w4xX1lvTG7,47,18
w4xX1lvTG7,68,11
w4xX1lvTG7,92,13
w4xX1lvTG7,45,12
w4xX1lvTG7,72,37
WJrWAidLZ5,74,51
WJrWAidLZ5,90,50
WJrWAidLZ5,27,15
WJrWAidLZ5,100,16
WJrWAidLZ5,72,14
WJrWAidLZ5,80,20
WJrWAidLZ5,97,53
WJrWAidLZ5,97,52
WJrWAidLZ5,55,17
WJrWAidLZ5,5,19
WJrWAidLZ5,64,18
WJrWAidLZ5,95,11
WJrWAidLZ5,100,13
WJrWAidLZ5,72,12
WJrWAidLZ5,93,48
WJrWAidLZ5,86,49
WUMHFJy3AG,-1,67
WUMHFJy3AG,-1,68
WUMHFJy3AG,-1,69
WUMHFJy3AG,45,64
WUMHFJy3AG,93,66
WUMHFJy3AG,41,63
WUMHFJy3AG,48,46
WUMHFJy3AG,85,44
WUMHFJy3AG,75,45
WUMHFJy3AG,38,65
WUMHFJy3AG,119,47
WUMHFJy3AG,8,43
WUMHFJy3AG,93,42
WUMHFJy3AG,51,41
WUMHFJy3AG,98,62
wUSNkrt2i7,-1,61
wUSNkrt2i7,-1,60
wUSNkrt2i7,50,58
wUSNkrt2i7,-1,59
wUSNkrt2i7,42,57
wUSNkrt2i7,77,56
wUSNkrt2i7,72,55
wUSNkrt2i7,63,54
WVztzxaqG1,59,73
WVztzxaqG1,98,72
WVztzxaqG1,63,46
WVztzxaqG1,77,44
WVztzxaqG1,51,45
WVztzxaqG1,110,47
WVztzxaqG1,109,75
WVztzxaqG1,95,74
WVztzxaqG1,33,43
WVztzxaqG1,79,42
WVztzxaqG1,57,41
WVztzxaqG1,51,70
WVztzxaqG1,78,71
WW56HAP2R1,-1,61
WW56HAP2R1,-1,60
WW56HAP2R1,31,58
WW56HAP2R1,-1,59
WW56HAP2R1,24,57
WW56HAP2R1,45,56
WW56HAP2R1,76,55
WW56HAP2R1,99,54
Xo3aGKAsfE,-1,67
Xo3aGKAsfE,-1,68
Xo3aGKAsfE,-1,69
Xo3aGKAsfE,67,64
Xo3aGKAsfE,85,66
Xo3aGKAsfE,99,63
Xo3aGKAsfE,65,65
Xo3aGKAsfE,98,62
xrWlqSyLPV,56,46
xrWlqSyLPV,100,44
xrWlqSyLPV,72,45
xrWlqSyLPV,68,47
xrWlqSyLPV,38,43
xrWlqSyLPV,98,42
xrWlqSyLPV,99,41
xshALL98rR,89,73
xshALL98rR,67,72
xshALL98rR,103,75
xshALL98rR,98,74
xshALL98rR,80,70
xshALL98rR,63,71
ybgAEICak2,60,25
ybgAEICak2,84,26
ybgAEICak2,85,24
ybgAEICak2,29,30
ybgAEICak2,50,27
ybgAEICak2,3,29
ybgAEICak2,120,28
ybgAEICak2,81,21
ybgAEICak2,37,23
ybgAEICak2,29,22
yVEE6glmyP,80,36
yVEE6glmyP,94,35
yVEE6glmyP,56,31
yVEE6glmyP,88,32
yVEE6glmyP,45,38
yVEE6glmyP,82,40
yVEE6glmyP,20,5
yVEE6glmyP,26,33
yVEE6glmyP,29,6
yVEE6glmyP,67,4
yVEE6glmyP,82,10
yVEE6glmyP,97,34
yVEE6glmyP,70,39
yVEE6glmyP,28,7
yVEE6glmyP,1,9
yVEE6glmyP,45,8
yVEE6glmyP,52,1
yVEE6glmyP,90,3
yVEE6glmyP,88,2
yVEE6glmyP,55,37
YXCMIivcy6,-1,61
YXCMIivcy6,-1,60
YXCMIivcy6,61,58
YXCMIivcy6,-1,59
YXCMIivcy6,28,57
YXCMIivcy6,97,56
YXCMIivcy6,70,55
YXCMIivcy6,85,54
zMdmtuvTDn,-1,61
zMdmtuvTDn,-1,60
zMdmtuvTDn,70,58
zMdmtuvTDn,-1,59
zMdmtuvTDn,43,57
zMdmtuvTDn,85,56
zMdmtuvTDn,69,55
zMdmtuvTDn,67,54