A1Kcf8Z1u3,CS171,Fall,C,2017
Rjuqf7P3nX,CS171,Fall,A,2017
ECk9NPOnC1,CS171,Fall,B-,2017
0nYGfSzH52,CS171,Fall,C-,2017
8BdlWK9mvn,CS171,Fall,B,2017
hEp6l3yRkB,CS171,Fall,B,2017
vrSPzDaBog,CS171,Fall,D+,2017
yVEE6glmyP,CS171,Fall,C+,2017
4D8d5NFQey,CS171,Fall,A,2017
tmil3gYi8I,CS171,Fall,B-,2017
stB2damzF1,CS171,Fall,C+,2017
Q5zYQSo07T,CS171,Fall,D+,2017
WJrWAidLZ5,CS171,Fall,C,2018
l8fb19WIds,CS171,Fall,D,2018
DlK1RDF6DZ,CS171,Fall,B,2018
s8jX7v1r9L,CS171,Fall,C+,2018
qSaWq5Khmt,CS171,Fall,A,2018
JEdJCRTwMu,CS171,Fall,A,2018
LbOIaCTwOR,CS171,Fall,A,2018
F8SGo1rfbJ,CS171,Fall,A-,2018
aDQQtN7BnB,CS171,Fall,C,2018
w4xX1lvTG7,CS171,Fall,D+,2018
ixYZCGpl5D,CS171,Fall,D+,2018
iep724zbM3,CS171,Fall,A,2018
rRMSF0EH7d,CS171,Fall,B,2018
EWUS9AaKts,CS171,Fall,B,2018
A1Kcf8Z1u3,CS377,Spring,A,2019
Rjuqf7P3nX,CS377,Spring,A,2019
ECk9NPOnC1,CS377,Spring,C,2019
0nYGfSzH52,CS377,Spring,A,2019
8BdlWK9mvn,CS377,Spring,B,2019
hEp6l3yRkB,CS377,Spring,D,2019
vrSPzDaBog,CS377,Spring,A,2019
yVEE6glmyP,CS377,Spring,B,2019
4D8d5NFQey,CS377,Spring,B,2019
tmil3gYi8I,CS377,Spring,A,2019
stB2damzF1,CS377,Spring,B+,2019
Q5zYQSo07T,CS377,Spring,A,2019
s8jX7v1r9L,CS377,Spring,D+,2019
qSaWq5Khmt,CS377,Spring,C-,2019
JEdJCRTwMu,CS377,Spring,B+,2019
LbOIaCTwOR,CS377,Spring,C-,2019
F8SGo1rfbJ,CS377,Spring,B-,2019
aDQQtN7BnB,CS377,Spring,C-,2019
w4xX1lvTG7,CS377,Spring,D+,2019
ixYZCGpl5D,CS377,Spring,B+,2019
tmt3aPs20s,CS171,Fall,B+,2019
QrcaEXMLnx,CS171,Fall,A,2019
VxX7KCsBEi,CS171,Fall,B+,2019
PiQvBSPut9,CS171,Fall,B+,2019
MvygDkC5GZ,CS171,Fall,B-,2019
pSE2USVUGe,CS171,Fall,C-,2019
uZfhzJCf3Q,CS171,Fall,C,2019
2ruNWPmicg,CS171,Fall,A,2019
5xTn7laQAz,CS171,Fall,D,2019
UPLEFa48ob,CS171,Fall,A,2019
g0aGB2MNq6,CS171,Fall,A,2019
vMCwbZJ5UI,CS171,Fall,D+,2019
P80TDV5kec,CS171,Fall,A,2019
UX8dL9oWOH,CS171,Fall,D+,2019
erGZXNCSa8,CS171,Fall,A-,2019
aKtF7xlCjb,CS171,Fall,A,2019
OcbMCqoATE,CS171,Fall,C-,2019
Ki437ImMiB,CS171,Fall,C+,2019
VkA4Ln4RP8,CS171,Fall,C+,2019
Vv5mvmR93y,CS171,Fall,C,2019
9mCMQL1myp,CS171,Fall,B-,2019
FGVfybCruk,CS171,Fall,C-,2019
ybgAEICak2,CS171,Fall,A,2019
WJrWAidLZ5,CS377,Spring,D,2020
tmt3aPs20s,CS377,Spring,C+,2020
PiQvBSPut9,CS377,Spring,C,2020
pSE2USVUGe,CS377,Spring,C,2020
uZfhzJCf3Q,CS377,Spring,D+,2020
2ruNWPmicg,CS377,Spring,D+,2020
5xTn7laQAz,CS377,Spring,D,2020
UPLEFa48ob,CS377,Spring,A,2020
g0aGB2MNq6,CS377,Spring,B-,2020
vMCwbZJ5UI,CS377,Spring,D,2020
P80TDV5kec,CS377,Spring,D,2020
UX8dL9oWOH,CS377,Spring,D,2020
erGZXNCSa8,CS377,Spring,B,2020
aKtF7xlCjb,CS377,Spring,C+,2020
OcbMCqoATE,CS377,Spring,B+,2020
Ki437ImMiB,CS377,Spring,A-,2020
VkA4Ln4RP8,CS377,Spring,C-,2020
Vv5mvmR93y,CS377,Spring,A,2020
9mCMQL1myp,CS377,Spring,D+,2020
8uv1aK9btU,CS171,Fall,C+,2020
cp5asEx6KR,CS171,Fall,D,2020
RxNqRHaaoI,CS171,Fall,A,2020
AnRRwDoMFm,CS171,Fall,B+,2020
RwKSObZt8b,CS171,Fall,B+,2020
QVsfnLS8nP,CS171,Fall,A,2020
piajOfWMIT,CS171,Fall,B-,2020
lKOmgoDP5M,CS171,Fall,C-,2020
xrWlqSyLPV,CS171,Fall,B+,2020
k4hG2bKBi2,CS171,Fall,C-,2020
OhfDW5FQet,CS171,Fall,B,2020
0Bb2zMzQAL,CS171,Fall,C+,2020
qjAClhRo8T,CS171,Fall,D+,2020
MMNPTkNHZg,CS171,Fall,C+,2020
v9ksRoAENe,CS171,Fall,C+,2020
I8k5HwpLlU,CS171,Fall,A,2020
pAA8hhbaAf,CS171,Fall,C,2020
kJQAvxlegv,CS171,Fall,B,2020
l8Ck5AEii7,CS171,Fall,B-,2020
EIBGkZJ8LU,CS171,Fall,B,2020
WVztzxaqG1,CS171,Fall,C-,2020
nlNo3Ifie2,CS171,Fall,C+,2020
fe20lUruvB,CS171,Fall,A,2020
q24FfeogSR,CS171,Fall,A,2020
1aRjlUAYpO,CS171,Fall,B,2020
WUMHFJy3AG,CS171,Fall,C-,2020
ujARr06uDs,CS171,Fall,D,2020
RtDWbzvtoo,CS171,Fall,B-,2020
bCSKEQsp82,CS171,Fall,A,2020
xshALL98rR,CS377,Spring,C+,2021
8uv1aK9btU,CS377,Spring,D+,2021
cp5asEx6KR,CS377,Spring,A,2021
RxNqRHaaoI,CS377,Spring,C,2021
AnRRwDoMFm,CS377,Spring,D,2021
RwKSObZt8b,CS377,Spring,D+,2021
QVsfnLS8nP,CS377,Spring,A,2021
qjAClhRo8T,CS377,Spring,B+,2021
MMNPTkNHZg,CS377,Spring,B+,2021
v9ksRoAENe,CS377,Spring,D,2021
I8k5HwpLlU,CS377,Spring,B-,2021
pAA8hhbaAf,CS377,Spring,D,2021
kJQAvxlegv,CS377,Spring,B+,2021
l8Ck5AEii7,CS377,Spring,B,2021
EIBGkZJ8LU,CS377,Spring,C,2021
WVztzxaqG1,CS377,Spring,A,2021
nlNo3Ifie2,CS377,Spring,B,2021
fe20lUruvB,CS377,Spring,A,2021
k4hG2bKBi2,CS377,Spring,B-,2021
OhfDW5FQet,CS377,Spring,C,2021
qBhsb9AT1D,CS171,Fall,In progress,2021
wUSNkrt2i7,CS171,Fall,In progress,2021
YXCMIivcy6,CS171,Fall,In progress,2021
loWO7ep40W,CS171,Fall,In progress,2021
AyZm6kgtLQ,CS171,Fall,In progress,2021
RCkC4TjYNZ,CS171,Fall,In progress,2021
SGDgfAoZn8,CS171,Fall,In progress,2021
UuUxEvmxXO,CS171,Fall,In progress,2021
9wHtriXf8s,CS171,Fall,In progress,2021
j3BjhOJA0K,CS171,Fall,In progress,2021
77JVECgA9Y,CS171,Fall,In progress,2021
LRH33DL7sR,CS171,Fall,In progress,2021
82rggZxf5c,CS171,Fall,In progress,2021
ffD2jzc574,CS171,Fall,In progress,2021
zMdmtuvTDn,CS171,Fall,In progress,2021
4RygfhpS1h,CS171,Fall,In progress,2021
WW56HAP2R1,CS171,Fall,In progress,2021
Sx6sqg2Av5,CS171,Fall,In progress,2021
Oojd410rxz,CS171,Fall,In progress,2021
bSZa17FK2l,CS377,Fall,In progress,2021
A3mMrNEFsy,CS377,Fall,In progress,2021
ize3lkeNiR,CS377,Fall,In progress,2021
fk7USWbA60,CS377,Fall,In progress,2021
Xo3aGKAsfE,CS377,Fall,In progress,2021
q24FfeogSR,CS377,Fall,In progress,2021
1aRjlUAYpO,CS377,Fall,In progress,2021
WUMHFJy3AG,CS377,Fall,In progress,2021
ujARr06uDs,CS377,Fall,In progress,2021
RtDWbzvtoo,CS377,Fall,In progress,2021
bCSKEQsp82,CS377,Fall,In progress,2021